Date,Coef_Nas,Coef_usd,Coef_breakeven
2020-01-08,0.24808008489022382,0.05791360655735683,-0.3230064364963293
2020-01-09,-0.43048912950359053,0.15993373974071518,-0.4370210105278141
2020-01-10,-0.9344987638338353,0.3834935159946987,0.16672372420883513
2020-01-13,-0.1643278434147099,-0.056122454999883026,0.18688125371564315
2020-01-14,-0.40835910088833105,0.6553103206819305,0.546849267393587
2020-01-15,0.17269196651231603,-0.8198859886887653,0.10830941043546496
2020-01-16,0.29719919190547084,-0.5184947762060567,-0.035509563029857055
2020-01-17,-2.1915492978939466,1.1492253960306795,-0.6839278372560421
2020-01-21,-0.20431891339515088,0.16212961214348803,0.002398259266968641
2020-01-22,-0.18213751895913197,0.15246963519846196,0.0874615395142157
2020-01-23,5.55902106471616,-1.6266461238255074,0.9257269895355765
2020-01-24,-0.2055519477251746,0.033706810038204124,0.12491744739583592
2020-01-27,-0.3748369169395803,-0.3400134171402032,-0.0327332944202189
2020-01-28,-0.16314429259786872,0.3541084904750452,0.06404989978566702
2020-01-29,0.6928244548535851,0.373531499782641,-0.3592432500853504
2020-01-30,0.5737812263334706,0.708761925564031,-0.29082359602251423
2020-01-31,0.2660689941056056,-0.06545184137791743,0.15938901929939267
2020-02-03,0.2190274399070005,-0.054492381648150984,0.10781169744664626
2020-02-04,-0.045983027277614524,0.016678775637331854,0.04014603528499304
2020-02-05,-0.21316250197184095,0.2036033808728337,0.1541170192432681
2020-02-06,-0.19745365564263634,0.17944353063152613,0.16741443827425673
2020-02-07,-0.20475623378812488,0.14406668942184986,0.2153165440482449
2020-02-10,-0.08526430334510557,0.1566126319814689,0.1531038488149713
2020-02-11,0.2555707004309558,0.015622595851760124,-0.28124451569636527
2020-02-12,0.353133947630922,-0.013458553588910908,-0.2630744629784921
2020-02-13,0.1646400870872312,0.22477398303520071,-0.3446178405413963
2020-02-14,1.5617044935988391,-0.6156504292365876,-0.024252218309743202
2020-02-18,0.5842158867713898,-0.16519216629172453,-0.08340075726915483
2020-02-19,-0.5855120728623122,-0.2014082675445969,-0.2830047514819384
2020-02-20,-0.13813628909053632,-0.38750347554235326,-0.2886986802840241
2020-02-21,-0.7574639604158211,0.06918598955092503,0.5347210705807454
2020-02-24,-0.15147237186721074,-0.09576321985036519,0.25737966666241746
2020-02-25,-0.06842210596339282,-0.036041573978891114,0.11662976081418196
2020-02-26,-0.014160641773974109,-0.09980965405752437,0.16682866317403408
2020-02-27,0.02075707632240596,0.11837051914575492,0.08050130581143451
2020-02-28,0.5157144747212465,-0.62423725896166,0.15480208538794854
2020-03-02,0.0896976820977632,0.010079290253648978,0.014013754647277086
2020-03-03,0.036038425969937116,-0.017277938964280447,0.014251282447808943
2020-03-04,0.008908973430513082,-0.013637744441185456,0.008281117589962667
2020-03-05,0.009545447006646132,-0.0652853714352053,-0.05533176026022386
2020-03-06,-0.010074713985449452,-0.01033435858406414,-0.03313653544884076
2020-03-09,0.048898629703766246,-0.26489488015139906,0.11429569111617806
2020-03-10,0.09018817024898179,-0.09287460272375855,0.04480155799759236
2020-03-11,-0.025425142524144913,-0.006805005112028022,0.05581379950694064
2020-03-12,0.3467003730486377,-0.10277971853718101,0.012126694547972201
2020-03-13,0.3358882589486261,-0.1679450251628638,-0.05644705898539155
2020-03-16,0.3336812883585308,-0.23434909865412645,-0.08693483495855428
2020-03-17,0.41016968579868357,-0.26616668153910633,-0.1163247642364539
2020-03-18,0.09587085819652288,0.01177540086096902,-0.0018198578919656643
2020-03-19,0.10006632357119127,0.044821279977504916,-0.005107455817466355
2020-03-20,0.011774576743661589,0.06261284701379752,0.005978459069054005
2020-03-23,-0.03617499957460166,0.08403961364238559,0.013013237710255393
2020-03-24,0.04652196618346631,0.12375028108332634,0.03671378008588269
2020-03-25,-0.0035749873314463295,-0.04453857321398623,0.008317248429466453
2020-03-26,-0.011608939729053261,0.0061467365449945684,0.029144504602046446
2020-03-27,0.06910992712656605,0.018258837303449255,0.008001557181017261
2020-03-30,0.004366558406545701,0.015242624917319602,0.018477658835545425
2020-03-31,0.0033531063563599453,0.0022595512932397123,0.023776215696238882
2020-04-01,-0.040964241007894864,0.027055209475896763,0.022520107720203686
2020-04-02,-0.04802555909682099,0.030802059406119076,0.017906537631078332
2020-04-03,0.04931168316016111,0.12068614884370057,-0.027131334295879456
2020-04-06,0.23796306363121758,0.4171466879288446,-0.14776705615627933
2020-04-07,0.15694609466327542,0.022502699700663122,-0.0045263221467949895
2020-04-08,0.14563658978065433,0.0296323653887148,0.0003678781899921482
2020-04-09,0.22082056694477376,-0.01858933560249617,-0.06560439818461575
2020-04-13,1.0932630766109346,-0.5092012036482061,-0.7416081132705185
2020-04-14,0.02357981364263845,0.07411904150930254,-0.0272683935158578
2020-04-15,-0.09668250436777946,0.1204707879392172,0.06327042862637541
2020-04-16,-1.1120067761233985,-2.1324013852744845,-0.6769204305272807
2020-04-17,-0.03205579386041096,-0.07000634830903375,-0.03756136697422082
2020-04-20,0.353925936467547,0.09192701776134347,0.01695099725453139
2020-04-21,0.19913676753723525,0.19817593927360094,0.016866434514885127
2020-04-22,-0.0012629570103802603,-0.0460629275368505,0.044334656465678676
2020-04-23,0.07043249662684128,0.06735053082322981,0.04214764093143393
2020-04-24,0.29011072147987876,0.4250575130642693,-0.028660030828332662
2020-04-27,-0.2909403003940719,0.0587874871699149,0.1409124165428519
2020-04-28,-0.8448240935324827,0.2619800619728692,0.31299825607111875
2020-04-29,0.31618914888404526,-0.2293602696469268,-0.0694512173432422
2020-04-30,0.3930976622928884,-0.11451469491945393,0.02424838469156113
2020-05-01,0.11195798387017215,-0.6199006016311955,0.3238617797232198
2020-05-04,0.21285575752809804,-0.018114605502504072,-0.1232779963027884
2020-05-05,-0.13465318621965197,0.06819672566755468,0.012749863053063549
2020-05-06,-0.1381082545770205,0.07832975319581982,0.0738674842260257
2020-05-07,0.5011785902972657,0.009271800283144484,-0.20176611698461233
2020-05-08,0.5008322285551611,0.06997156159353841,-0.1975642399482227
2020-05-11,0.3488892548300997,-0.3026705847389416,-0.3838184715837434
2020-05-12,-0.03581311459106205,-0.5415374536619898,-0.04569535352741856
2020-05-13,0.9770674773911514,-0.4095658118078431,-0.6077413288556327
2020-05-14,1.2256290149672566,-0.4271019752885907,-0.7447296951380497
2020-05-15,0.056150614783940664,0.25115646500595673,-0.2238474419345979
2020-05-18,0.59916755296993,0.2341183195330383,-0.03704277365889824
2020-05-19,0.615536093970748,-0.02228723452691983,-0.17224151188757367
2020-05-20,-0.1629116812341486,-0.07587261091027553,0.012714319150162606
2020-05-21,-0.26253631444480124,0.00476440303951485,0.1953553774652462
2020-05-22,-0.10920260947682237,0.03088646695608098,0.2108593098190683
2020-05-26,-0.13032006451105413,0.14494248576062652,0.370892019411479
2020-05-27,0.36127397452280685,0.11495151121931284,0.21128381070181507
2020-05-28,0.4783072084294692,0.12986055440940894,0.2644949423377952
2020-05-29,0.565314059691798,0.1281526752272742,0.2527650465628782
2020-06-01,0.5879434262275327,0.05765427025902013,0.2369997671171055
2020-06-02,-2.1326761915981383,-0.9427185131418813,-0.6754003104467341
2020-06-03,-3.4639285461231624,-1.5965718813026657,-1.0460270175239417
2020-06-04,-0.9571072827611651,0.29807477933836174,0.6340126316238853
2020-06-05,-1.265490659125871,0.2228951814156858,0.4040660428794708
2020-06-08,0.02255409578203084,-0.08047013658889243,-0.025820539619283687
2020-06-09,-0.03213507351323806,-0.05724653682088851,-0.0038526124181905283
2020-06-10,-0.1227570580323552,-0.10916779517826296,0.045018431887448994
2020-06-11,0.128751349845242,0.007620313269413228,0.048640117543627064
2020-06-12,0.18973826027309199,0.05043553445754961,0.029992458182349965
2020-06-15,-0.03199167876254962,0.06240307048052461,0.229704430419099
2020-06-16,0.41436364981563,0.013957753428509884,-0.21702723452224773
2020-06-17,0.005929176320757516,0.032559508189806755,0.02688711481082161
2020-06-18,0.006785253932056437,-0.011126022960348241,-0.004031696794191215
2020-06-19,0.07952689507021976,-0.09227060528343073,0.009756320042136779
2020-06-22,-0.09003461207603355,-0.0949122758007087,0.04619757971419537
2020-06-23,-0.15089998702715113,-0.07271160411750477,0.03776489966354902
2020-06-24,0.2580335536167028,-0.23507960361488525,-0.13523574508479752
2020-06-25,0.22760958639015552,-0.21536360946240893,-0.1245389509945392
2020-06-26,0.12441331962587357,-0.15909440239985606,-0.07911208253248415
2020-06-29,0.04375924825736002,-0.0820596394895379,0.02842110251716492
2020-06-30,-0.006866546906660035,-0.08253483122852028,-0.016245814692247514
2020-07-01,0.01914391543661361,-0.003531836355620747,-0.005666165267111941
2020-07-02,-0.04633199881428404,-0.1005633974865852,0.005712402965637553
2020-07-06,-0.14124049813880213,-0.18987481760226085,0.03126273756248301
2020-07-07,-0.8013489647093037,-0.4534333193699179,0.2427471505587533
2020-07-08,-0.38825864470222426,-0.2902482429778895,0.10800914662012435
2020-07-09,0.00272274662780585,-0.07767608541174886,0.030858307066815003
2020-07-10,-0.01900630816066537,-0.10292633971114822,0.03219249396659461
2020-07-13,0.015821794695035807,-0.05101904355979785,0.014454074223668796
2020-07-14,0.005754399357177537,0.023430618049781377,0.047893498752592176
2020-07-15,0.0022111975432251006,0.030428139739310325,0.0003938522256297624
2020-07-16,0.0598597800251465,0.003341556926738303,0.09779055483231497
2020-07-17,0.12788940548359015,0.0717067005640657,0.013392916546778362
2020-07-20,0.01727626635101345,-0.009670852978274627,-0.021918411613149932
2020-07-21,-0.013970445997420474,-0.08189655530153805,-0.03178971478946665
2020-07-22,-0.018953514600954072,-0.10739704569935729,-0.05135576137788457
2020-07-23,-0.0313790088169659,-0.22125145554574202,-0.39265463507405074
2020-07-24,-0.013631674571862653,-0.15929128636903317,-0.19484716416575926
2020-07-27,0.1761158601455211,-0.42789637102125666,-0.2916311728311116
2020-07-28,0.14242638610963998,-0.4634538075932221,-0.3658903668008156
2020-07-29,0.07164816773008653,-0.4570683604876997,-0.4711266413072556
2020-07-30,-0.20431068684050693,-0.35293923264802823,-0.05503179707648948
2020-07-31,0.05803244852894225,-0.015012882430471164,0.11013016190142424
2020-08-03,0.09053153399616942,-0.01131063543564164,0.009284246966342103
2020-08-04,0.11337437677504515,0.1908071048256102,-0.12341672491237511
2020-08-05,-0.2562516916377772,-0.04227776869043498,0.19912809473425694
2020-08-06,-0.16282779450235463,-0.15400244568291488,0.08843850243887022
2020-08-07,-0.14230681672527348,-0.05308823141500427,0.18502829929659026
2020-08-10,-0.2593970559647621,0.0009841321908717893,0.24238092772614694
2020-08-11,0.12309142882076389,-0.000740590008006181,-0.10443911974454048
2020-08-12,0.18770594554051717,0.048936563169704655,-0.04927076311334872
2020-08-13,0.37270707978167833,0.43196492233712924,0.0054924886690690755
2020-08-14,0.2724517818589885,-0.009183473680654558,-0.09803483477078608
2020-08-17,1.3340811255744185,0.5068000661689127,-0.7139865558080547
2020-08-18,0.9077652363867151,0.23320493677575038,-0.3899426678538958
2020-08-19,0.22959457650259066,-0.008106227522980958,-0.20057245090554512
2020-08-20,-0.042018497933573346,-0.07589661859838694,-0.011438827056678773
2020-08-21,-0.276383551180595,-0.07936188379490376,-0.07749294252459352
2020-08-24,0.06519936412067906,-0.0944775458684711,0.006689373847308419
2020-08-25,-0.09517611707847266,0.022631899546307337,-0.0528636642983849
2020-08-26,0.08080187608835636,0.003582832855164239,-0.10609387528696008
2020-08-27,0.0606457627638374,0.3909499890370276,0.00045630400310572237
2020-08-28,0.15529036532598758,-0.3118648855031072,-0.2861563463362141
2020-08-31,0.18389369543946532,-0.23764209397735167,-0.17488053939163517
2020-09-01,0.16183271236671748,-0.13843224243517105,-0.08692004639880047
2020-09-02,0.009002896158795412,-0.3466287485495915,-0.1999716234282337
2020-09-03,0.2231570306775621,-0.19556847760680496,0.0692173406503373
2020-09-04,0.15497199230684505,-0.08090849146260368,0.1077459144054024
2020-09-08,0.07909143172411434,-0.028495583172914646,0.2041681340716307
2020-09-09,0.11702130875006178,0.026679353468619486,0.11377198526356988
2020-09-10,-0.07659387260664258,-0.16957712610300157,0.04639010290394232
2020-09-11,0.01859985622964924,-0.10159261774858816,-0.05778888607326617
2020-09-14,-0.3441262688767464,-0.7559991546596672,0.11421080102562085
2020-09-15,0.0704666705772303,-0.1799683334798036,-0.08728038860570446
2020-09-16,-0.12618570961854209,-0.5759158098276985,0.13438422531843355
2020-09-17,-0.06958213126736933,-0.26351299889558205,0.25636201828299016
2020-09-18,-0.08463393997554705,-0.017017816100301293,0.15492207079154718
2020-09-21,-0.07628451547646554,-0.04452276323829016,0.16216279839715964
2020-09-22,0.5131673542607491,-0.27455879674353667,-0.24014172510199464
2020-09-23,0.04402304130777999,-0.00336452359796946,0.15046455281192567
2020-09-24,0.11430068309606353,-0.12015144186901389,-0.11869541801925212
2020-09-25,0.12580485806322997,-0.11179952963475862,-0.247606774998201
2020-09-28,0.13080716093591677,-0.26454670721764095,-0.33727711119866527
2020-09-29,0.12883061703278584,-0.3999228150020002,-0.3150669120894595
2020-09-30,-0.04788882867879307,0.006978574779633123,0.06719155461459803
2020-10-01,-0.06900736165163758,0.0603630375905919,0.11938835806584783
2020-10-02,0.23871803287656682,0.4169659282902035,0.4752251608844167
2020-10-05,0.2117413932686608,0.5567301370845357,0.26160801339516004
2020-10-06,0.10785088386393045,0.14210509602114405,0.08032905884872407
2020-10-07,-0.03604503398325293,-0.19907877163011814,-0.006846584936598955
2020-10-08,0.8119270858370776,0.4922677133990237,-0.19320051258422152
2020-10-09,0.4634137381715723,0.16146113934215356,-0.10567981812012936
2020-10-13,0.15099171987216783,-0.017233988641814427,-0.011540490568632314
2020-10-14,0.1602486170667987,-0.03352717896363904,-0.025902004281421993
2020-10-15,0.08939807221789024,0.005423795145074545,-0.12362896217683524
2020-10-16,0.03537474234345801,0.04609306338372636,-0.10112976823230112
2020-10-19,-0.10850768556894423,-0.07642485552386069,-0.08319898983937199
2020-10-20,-0.31659087217374204,-0.1384767276452636,-0.2716300092087959
2020-10-21,0.2387166907053892,-0.44516200132342604,-0.23919803736423303
2020-10-22,-0.14123049638185808,-0.15973182664261126,0.3405620089955261
2020-10-23,1.9828938501783062,0.09959553523716903,0.5099780814020238
2020-10-26,-0.9717438694735492,-0.37582480909792726,0.3249171125364097
2020-10-27,0.9386951075587863,0.5942345366309939,-0.35679198039448695
2020-10-28,0.3023163551595697,0.24161661207417867,-0.25378415886498634
2020-10-29,0.20202287739842165,0.046084072623863354,-0.32285043968602445
2020-10-30,0.2618965050380327,0.08410850113337254,-0.6943656721952899
2020-11-02,0.023279345240797177,0.007178583383289795,0.16985106553512316
2020-11-03,-0.11263233929525944,-0.005933785328159635,0.5230063176336291
2020-11-04,-0.09100911952382379,-0.2949914422535602,-0.06622465811515842
2020-11-05,-0.35255161847639005,-0.6364763824566004,-0.19835142053919097
2020-11-06,0.21596467404488667,-0.16507317701927265,0.1512971948899123
2020-11-09,0.19569881477989842,-0.19736665237659434,0.10599746791232091
2020-11-10,0.29169529903635,-0.15661953402913775,0.13323893803506057
2020-11-12,-0.6701270832659018,0.42049162738112983,-0.4727228846038851
2020-11-13,0.3906246992770583,0.5184489829342946,-0.041757537838469944
2020-11-16,0.8788160481734537,0.5666845397061825,0.24627184763178855
2020-11-17,-0.07230282668755535,-0.5183378959190493,-0.5078617433860771
2020-11-18,0.05074355937660731,-0.4430924412814174,-0.5671817187189174
2020-11-19,0.018071008734712186,-0.44521366387235406,-0.542082843096349
2020-11-20,-0.1847116799643211,0.15590042643483115,-1.0203622661768723
2020-11-23,-0.6221905712458093,0.6413990230714708,-0.4788270189124539
2020-11-24,0.5467713334715614,0.5568816734623088,0.19977777901357216
2020-11-25,-1.2648106531863557,-0.5172569437088971,0.5358523862014605
2020-11-27,-3.093942042959895,-1.1609960432997375,1.033237232368947
2020-11-30,-0.9735007440391422,1.0952199841520538,1.8374681472600853
2020-12-01,0.4111249865937267,1.919264328196392,1.3649467727005473
2020-12-02,1.2708799576391479,2.421624221960503,1.151324074867554
2020-12-03,-0.43231916985119045,0.7848621890588126,0.8195292947786307
2020-12-04,-1.2344008135086022,-0.2889252410822174,-0.015035508196911592
2020-12-07,-0.08003722583598755,-0.2520658057343171,-0.10872035498375875
2020-12-08,0.3928612066865651,-0.45434858237001,-0.6125227901154613
2020-12-09,-0.2461410462703164,-0.12067978546082564,-0.32989494589070284
2020-12-10,0.17248921777997397,-0.29438581368593303,0.19143164646683547
2020-12-11,0.15475532653405333,-0.5094549784105693,0.28326635145914025
2020-12-14,-0.01959354669084261,-0.6861240331977568,0.3566615906995158
2020-12-15,0.7635488964841406,0.02467260742498617,0.07730104508218434
2020-12-16,3.8846668666926742,0.6457000980233703,-1.2638668900549515
2020-12-17,3.1090785894436985,-0.6093696160549799,-1.4759901505681405
2020-12-18,9.204804460116408,-0.6243189463592658,-4.692178067222484
2020-12-21,0.92538907258941,-0.07107679744615536,0.9106173004242788
2020-12-22,0.77257588346621,0.3906115594240088,1.068768736499928
2020-12-23,0.4174146840293613,0.33290431608438154,-0.03588043133283593
2020-12-24,0.6563117582219776,0.4063174657282896,0.1838339944824106
2020-12-28,3.2510040899980903,0.2858663359062803,0.43615620988889603
2020-12-29,3.244891507655127,-0.14488231697153792,0.16056822319127304
2020-12-30,3.0614821040469407,-0.8339071112208198,1.314206860530679
2020-12-31,3.4677467375305713,-0.5633225749097405,0.06789536611481976
2021-01-04,-1.206483796444052,-0.8173478846511382,0.9175146221647684
2021-01-05,-1.1518897211155996,-0.9528297310480591,0.9558824547661714
2021-01-06,-1.1676565491628597,-0.9577142206787483,0.960401916001134
2021-01-07,-0.2657698562139682,-0.1830142060951872,1.671189503000213
2021-01-08,0.9679065610228199,0.3858683835099781,1.3594353574655598
2021-01-11,1.5445470387111282,-0.5417236916732469,1.3356970307118259
2021-01-12,2.435644129730658,-1.6163284941250575,-1.2154517703513386
2021-01-13,13.959739494086708,7.626616321360217,12.334172004615878
2021-01-14,7.659908130285707,2.969943907625611,3.808264784256183
2021-01-15,9.149811183048001,1.6573438608263653,2.844159416041299
2021-01-19,0.35171960168698924,0.5742781072262506,-0.23605987602078096
2021-01-20,-1.0626326002259485,-1.5107177280658486,0.36874538554024994
2021-01-21,-4.090698516340141,-4.018765924094101,6.234378681975995
2021-01-22,0.08345402065751897,2.3217672287160322,0.3349076670539381
2021-01-25,-0.5724443646438038,2.1435170788745284,0.5511913077273736
2021-01-26,-1.349399007698754,1.863622113981852,-0.1392223804297871
2021-01-27,0.3298280767721454,-0.7271036976967067,-1.213491753431184
2021-01-28,0.4635800689477625,-0.5759987379105549,0.7761234429692266
2021-01-29,-0.14119295423233866,-1.150905044679473,0.783619881519091
2021-02-01,0.41380438828124233,-0.003449269008109379,1.038746770228995
2021-02-02,-0.4008730904140789,0.5778075686935753,1.1161820274202754
2021-02-03,-0.3118376482214035,0.520926668638354,0.8436795962594393
2021-02-04,-0.2403976942126132,0.42271778190502585,0.8362107261756982
2021-02-05,-0.16175064114529766,0.35667413701203554,0.8290387354077358
2021-02-08,2.761466325731086,-1.3074639455459194,0.5652378337777066
2021-02-09,2.846711850345963,-1.4912922865102933,0.20546056653887293
2021-02-10,15.085561963870706,-0.6126333299860203,-2.188445503482661
2021-02-11,9.117358809009456,-0.9674460797388283,1.9659359275818822
2021-02-12,1.9868120219428895,0.1892356689832237,-0.6848118510068618
2021-02-16,0.5631194875678736,5.607294480949518,-0.1390860536392476
2021-02-17,1.5485129682137466,2.5372740980119346,0.2875870289736314
2021-02-18,-3.5368357222945956,1.2972781591737315,0.25443766411943936
2021-02-19,-6.2098226758290025,-0.037554314974078906,0.45720219953683794
2021-02-22,-0.49392203600383133,0.2829158879572019,-0.7829873785546292
2021-02-23,5.495961426378989,-7.112396248859403,2.243170484854631
2021-02-24,3.7795685410934623,-5.376018154984937,-1.412745707769153
2021-02-25,2.9179612303565117,-6.387719400467563,-3.1639558702675474
2021-02-26,7.79075603195222,0.6935665159486089,-12.781932589041489
2021-03-01,1.6132026659407717,-0.1623895272534972,-1.4615556344605394
2021-03-02,0.9514860382957739,-0.15531338996778785,0.1262670261586077
2021-03-03,0.18903619172201383,0.11296267697248691,0.6504717849058244
2021-03-04,0.5291629734408227,0.42192664448424044,0.9030455757080179
2021-03-05,-0.11543690902659057,-0.18406077387530914,-0.09617320498954562
2021-03-08,-0.7729893264321557,-0.2722475581479731,1.0644260395403216
2021-03-09,1.2351543839949617,0.8013861019622159,-2.129411866548509
2021-03-10,0.8917500241283041,1.1963696985645165,1.1734625380298616
2021-03-11,5.555845589621543,11.24268323539411,4.352698286698682
2021-03-12,1.494345784013234,1.666722774935787,0.9406713260397165
2021-03-15,-0.012013885490083401,-1.1713652436461475,0.12828809482158296
2021-03-16,0.05574223827458988,-0.9151012852582744,0.22011428532028818
2021-03-17,-0.7166148774762631,-0.9860893356915611,0.727931903987558
2021-03-18,-1.045949428124432,-1.2837896508051034,0.8584009501429387
2021-03-19,-0.8005156875213723,-1.334796797134144,0.557240384444802
2021-03-22,-0.5850765509695126,-1.2709370784593597,-0.5637590187106721
2021-03-23,-0.7483221176435486,-1.3170400570491794,-0.5171602139627307
2021-03-24,-0.9364125916887741,-1.3602543419769686,-0.5244898805076021
2021-03-25,-1.4473463928018975,-1.6438085217038836,-1.2021726637457522
2021-03-26,1.9890121975720998,0.3911143233208963,-0.04309013295424052
2021-03-29,1.6607148990445197,-1.2047930491614482,1.4782170492631972
2021-03-30,0.9296345389516422,0.8922655120675036,1.3144600544201717
2021-03-31,-0.7272186276928485,0.8452047472128106,2.492766034064618
2021-04-01,0.7580775480043536,1.4491330255795265,0.24367726747990665
2021-04-05,0.4735887735645659,0.7549617454313219,-0.3694667205190141
2021-04-06,0.7304964347246327,1.2021957235436564,-0.4061179326278488
2021-04-07,1.8659424006292789,3.7047212928728546,-2.0905763899810976
2021-04-08,-1.743375678912174,-1.5253344301276837,1.097324831663691
2021-04-09,0.32596679430771924,0.09193685823032421,0.020062971068216768
2021-04-12,0.007864315030138501,-1.4295446454641887,-0.2525943683898189
2021-04-13,3.377556079796673,0.06690472733158104,1.6456114802599013
2021-04-14,1.8725944573724362,-2.028450107221282,0.8686500761674163
2021-04-15,0.6010143754204054,-1.504158509137466,1.6028651418265338
2021-04-16,0.6010143754204057,-1.5041585091374678,-1.7389915738154205
2021-04-19,-0.041553417778483495,2.66195096649094,0.10681876142804027
2021-04-20,0.41199207984442066,3.0946955633825297,0.059607816917888856
2021-04-21,-0.6847627236079252,3.7426250006431916,0.6717517436241167
2021-04-22,3.557856460725926,1.8973992048624495,-0.49585638674097277
2021-04-23,2.5775668830869614,1.3206821713880426,-2.43780977742616
2021-04-26,2.6343685390163705,1.436362084019926,-1.1156412596277407
2021-04-27,3.7035821201488566,2.8516370098979067,0.8839020530663119
2021-04-28,1.382906794116918,1.2191901885595329,1.112789252249285
2021-04-29,1.1164173360908618,1.3965942925195807,0.8586935145642243
2021-04-30,-2.628347002654932,0.7910295428292994,-0.24163145985412168
2021-05-03,-2.2478374247684143,0.8417540099178644,-0.25603029604274236
2021-05-04,1.6496756734394413,1.428606021489141,-0.5948899216617366
2021-05-05,2.2843580186585157,2.1302282822743663,1.328567230125734
2021-05-06,2.540067509008042,0.5152174510222687,1.5865677985390731
2021-05-07,3.312424734428074,1.552692504910972,1.5997204051795864
2021-05-10,2.5683325123447545,1.2704241981662787,1.5214782726703033
2021-05-11,0.6988006379147533,0.3172894929619241,0.34095340832074844
2021-05-12,0.21127106293672046,-2.019034170913378,-1.2294506620799122
2021-05-13,0.3273858018861013,-2.784101622531273,-0.35256376957690344
2021-05-14,-2.592281120389945,-5.083554467161039,0.01553915055458856
2021-05-17,-24.492568673795486,-25.066895926991286,-14.496552736459423
2021-05-18,0.3438301455025898,1.8544905528917648,-1.5030109765820745
2021-05-19,1.1687848042734184,2.427284553212039,1.8182979018868004
2021-05-20,6.382569135488049,-0.5295875994069617,1.8098143909618258
2021-05-21,3.8808678726431296,-1.9421058922900978,1.4615995417454857
2021-05-24,-1.2405245723964298,-3.527694700927467,-0.09082046106483548
2021-05-25,-0.6237033016168815,-1.1163066925961964,-0.4935451633537975
2021-05-26,-0.15845476490041394,-0.6653132009643825,-0.9080596091195872
2021-05-27,0.8720009661111138,0.23106557321076854,0.0015912553329931046
2021-05-28,-25.385692775760454,1.626681961835624,-4.380185375598076
2021-06-01,-7.065716864864704,0.045076563021011706,-1.2442634397413466
2021-06-02,0.004922700029702941,-11.088396015244141,-3.3759614721394304
2021-06-03,-9.94455320430953,-3.9830746739287477,-2.008864920839831
2021-06-04,1.8001572125452516,2.443149040803514,1.361587759439649
2021-06-07,2.5852897473885195,3.0775252767127,1.8489904226962592
2021-06-08,1.195815934446253,2.0442335528037314,1.4304710744220637
2021-06-09,1.2309248456309132,3.7763001904025497,-0.08388045504934775
2021-06-10,0.8945041941691844,4.570979743144043,-0.03854039765495149
2021-06-11,1.6942760189909374,-1.0392852169677538,-1.1055831080600096
2021-06-14,3.175801997012629,-0.8454325269345,-0.9410805467736768
2021-06-15,-0.40218859548404623,1.0414527621832568,0.7801040041314995
2021-06-16,1.594050307407277,0.6489574129903263,0.7844832649579454
2021-06-17,0.8978431164997868,0.3822763365899675,0.8132277267992393
2021-06-18,0.9474829150420803,0.14934751647179784,0.6996996462366241
2021-06-21,-1.640317683437508,4.4575725784614875,4.105444830986618
2021-06-22,-5.20010832777742,2.5860982630478304,1.8516786765731006
2021-06-23,-0.5952780652944031,1.7964673257944488,0.26116377257173534
2021-06-24,1.8577556401100712,2.9538698695116548,0.19879725212559587
2021-06-25,1.4962927489672513,-0.11801929901262692,-0.17143407628504764
2021-06-28,-1.3708193685442367,8.413318195158308,-0.8627508278600478
2021-06-29,-0.11468636447108978,2.433084228327686,-0.7381291460152457
2021-06-30,1.9457264637566432,-0.29952825299167496,-1.2026715751781278
2021-07-01,2.1694161666528986,-0.21566077166958933,-0.7955432185098821
2021-07-02,-0.5720103407697605,0.02941656895609296,-1.08371494027329
2021-07-06,-0.8896382779512894,-0.38002711652238247,-0.8141891064913932
2021-07-07,-0.7450458355063696,-0.4335383478968075,-0.4236695280048556
2021-07-08,0.6150158688464596,0.08927711679767622,0.16967458537813465
2021-07-09,0.5877358804187991,0.09413039510954274,0.1711640756152117
2021-07-12,-0.7210371059990721,0.19721439338051544,0.1965284255546369
2021-07-13,5.128278178519004,0.31317943202087817,-0.7455453032897132
2021-07-14,-1.9990227441163517,-0.689456927634311,0.33742431476477963
2021-07-15,2.712732133522376,0.1323243955519574,-0.5498635197460733
2021-07-16,0.4756655966336447,-0.5039859516236307,0.3750004783784993
2021-07-19,0.9149808250449184,0.10328941115965448,-0.012902574993487794
2021-07-20,-0.28195032818156385,-1.6418937925613841,-0.08859464598964156
2021-07-21,0.1983294409374589,-2.2602760372548407,-0.31243336786251574
2021-07-22,0.5463639552604393,-2.774591668043827,-0.3816602772789704
2021-07-23,-0.17652842985616918,-1.893396655379929,0.5905104168343396
2021-07-26,0.45408648438786336,-1.9873577567486183,0.4360902696412225
2021-07-27,1.355668099298362,-3.505072427206689,0.17616448768428206
2021-07-28,-3.2572977814676585,0.042929067712857316,1.2618192535940576
2021-07-29,-4.045385045827758,0.7510864184044718,1.644849937930376
2021-07-30,-4.226465333722793,0.38064882801766076,1.2418892616138164
2021-08-02,-8.687397919505134,-0.184966032560266,1.7576443260645909
2021-08-03,-4.0966947388938335,0.3320105137211068,0.8303789749021911
2021-08-04,-1.4022258094803906,2.944728071656879,1.0403275297737937
2021-08-05,-0.8921935188388584,3.5845545482450456,0.31528279765728506
2021-08-06,-0.7616568979653099,1.4691809834039744,-0.6691541225556444
2021-08-09,3.6602312542511846,1.5898470269686342,0.39011140017901874
2021-08-10,4.850784671334093,1.1301183201551182,1.1405539422081599
2021-08-11,11.695400943569776,0.9208908235753186,2.670588905784358
2021-08-12,-0.7936999088064554,1.9331291815043634,-0.19962371284546834
2021-08-13,-2.8852093927870497,-0.8827234859509372,-1.0040855790781233
2021-08-16,-2.5480383120173036,-1.2615464446224283,-0.34957491555900067
2021-08-17,-1.6186920977173451,-1.668092431624594,-0.02041879853529418
2021-08-18,-0.5957137521307281,-1.3797688266292552,-0.02043666906375592
2021-08-19,1.0528587260051154,-2.8301699685526494,-2.4696065476961935
2021-08-20,0.954786676392469,-1.8359611304272867,-1.8982157903592793
2021-08-23,0.846888042461908,0.12432602263140635,-0.8806415742232164
2021-08-24,0.5430419689813109,-0.06284763965173745,-1.095551062673642
2021-08-25,2.523461207770894,1.8862205984281302,-0.06778135179899727
2021-08-26,-13.324921654736274,-9.373948293857492,-0.2155041271196742
2021-08-27,-13.0707450657291,-10.895030590827647,-0.22244783912096058
2021-08-30,-2.3472038672420776,-3.0735926671969063,0.012132263055430706
2021-08-31,-2.441335735336337,-3.0460021947116975,0.029107053588311428
2021-09-01,-2.0109073974430856,-2.5749192364778826,0.0940314347724729
2021-09-02,-1.494436383827757,-1.604893649178906,0.15566218075258767
2021-09-03,1.478364425255524,-0.8883710657338707,-0.18982450504830473
2021-09-07,-6.575121506847614,-2.0873534125256907,1.427902461867935
2021-09-08,-1.0892250358076074,-1.169850978912971,-0.38076469776763733
2021-09-09,0.2935203315807324,-1.267790588985279,-0.37616096618421196
2021-09-10,2.6493038912928752,-2.494766569371519,1.1719975474986277
2021-09-13,0.9741544948154371,-0.9192278022664281,-0.06300313470735568
2021-09-14,0.7600725121239076,-1.0251545056979665,-0.6785041366427896
2021-09-15,-2.539592022563011,-6.42635488680418,-0.7228998189558751
2021-09-16,2.45072776050188,-0.4174141051108633,-0.8134368177866435
2021-09-17,2.971426299394214,-0.7181445909581088,-1.2829289188872852
2021-09-20,1.5587313555236015,-0.38187399025862023,-0.31226522634066284
2021-09-21,1.2160609566524052,0.000851027532481563,0.5831538463106717
2021-09-22,0.6842615503995154,1.6389579974669324,1.5583851353936506
2021-09-23,1.1293639091107897,1.122040532607341,0.8479454760685856
2021-09-24,1.8532141237626094,-0.5165026791846843,-0.8226413856847437
2021-09-27,2.078533764730559,0.0006295409203691538,-0.5235794402326094
2021-09-28,-0.5417217752155404,-1.6046103864922898,-0.34787542578809055
2021-09-29,-0.27834616914356347,-0.06804237370450628,-1.1243099895615816
2021-09-30,-4.119600947266942,-1.6136072609044714,-6.048719747678459
2021-10-01,4.297782121285081,2.27489614270495,5.647508869621904
2021-10-04,-3.4557553498943836,5.612739709261872,19.94977322856633
2021-10-05,1.4011815195259305,-4.278867074706317,0.8041924293850614
2021-10-06,0.2495793610410695,-0.32347189940599846,1.5658527373859854
2021-10-07,-2.6723877859034197,5.306674082157777,0.6947420885451456
2021-10-08,-1.8289973983337302,4.368991113209428,0.6082519246434485
2021-10-12,0.4978128308707995,1.8740967376318107,0.0385546919495778
2021-10-13,-2.4608405018474313,-0.9540544183447109,0.06917031494912036
2021-10-14,0.9399831172635423,1.6075470604678066,1.331178526980217
2021-10-15,0.31885920153935915,1.6291743002425711,2.0660353349261964
2021-10-18,1.0252133995510566,1.5103094792122196,1.4316833223799563
2021-10-19,0.9631403454745856,-1.4167753674299672,1.024566886237935
2021-10-20,2.0472112891465097,-0.3407237349035801,1.1324306799948647
2021-10-21,0.24324620547465833,-2.769660236868698,-0.3834920168058189
2021-10-22,2.421873373365282,-2.2890282074784363,-0.7631313522179839
2021-10-25,5.146718792832544,-3.7833839594316414,-0.7079868191357006
2021-10-26,7.002896737979337,-6.414958898387203,-0.45151360057220574
2021-10-27,-8.33820190678218,13.030452486607835,-2.275022416329496
2021-10-28,0.38262523365114337,-3.4911086430452616,1.3490690314280562
2021-10-29,-4.091509997920145,0.018323559242441445,-1.0140171720479139
2021-11-01,2.963535080602242,0.4177082617347762,0.4312975166208545
2021-11-02,1.7501618061117363,0.19341254862126064,0.045835448405525475
2021-11-03,0.5920126094446384,1.286953232186654,0.6827439753184434
2021-11-04,-0.16370864817878597,-0.25740964596315635,0.18280994324610403
2021-11-05,-0.6302542041532649,-0.33523870702216224,0.6100765016124235
2021-11-08,-1.5789449988976847,-0.5474292303588073,1.2384550144554227
2021-11-09,2.5067850634195663,-3.112463576246665,0.6611307995266067
2021-11-10,2.0183778348000105,-1.072317993125112,1.210582172814839
2021-11-12,0.18440224177453435,-1.6399237781680414,0.7735722967238688
2021-11-15,0.131068167011617,0.21920665106141274,-0.6163287172696573
2021-11-16,-0.24158177625871458,-1.160479902847499,0.4457732066920888
2021-11-17,0.03257750718590419,-1.207083466511989,0.3180260622149101
2021-11-18,-3.2353890581247358,-0.48572885686495015,-0.11165096403677646
2021-11-19,-3.0877176560562183,-0.8104300904121045,-0.7660966162586115
2021-11-22,-0.8726820493129701,0.20934125863749387,0.34042291408986686
2021-11-23,-5.247587376353474,-12.648447816602536,-6.4398442559585005
2021-11-24,0.3112088065632009,-0.5856866427432519,-0.3562694335296949
2021-11-26,-1.0596775948458987,0.0046695017648923365,1.3939086678185688
2021-11-29,1.8666100624294204,-0.5824739851697711,0.08945795395592986
2021-11-30,2.376353450719283,-1.2365179809773812,0.1314490547555396
2021-12-01,1.2833825270337953,0.8280443844316596,-0.8028013168089299
2021-12-02,1.5590035555958537,0.055538496445352026,-0.8169240252323635
2021-12-03,4.891003052544156,-0.4984272040122213,-2.7225591702242204
2021-12-06,2.671191482709479,-5.374381634071203,-1.5847885954003436
2021-12-07,0.4097017019248497,-6.680791802402353,0.8023349169470253
2021-12-08,-2.5106083267552233,1.898066839203453,2.2569501571780712
2021-12-09,3.3896325116566826,-6.199461547775467,-4.67197218726502
2021-12-10,-0.4935181117721183,0.6915292669316422,0.6978388259108984
2021-12-13,1.2833629969613483,1.3444320641591494,0.4911803416275069
2021-12-14,-3.014538609746302,-3.862241446039918,0.33110428529885927
2021-12-15,0.9271674805731167,1.3109875995131395,0.20009003260654842
2021-12-16,2.606128337729049,-9.090427159439619,-6.17475114357753
2021-12-17,0.47889287856243434,0.6040407688137984,0.7575591112653209
2021-12-20,0.5109085607589079,0.9564841248988413,1.1481382648711322
2021-12-21,0.5085721875079657,0.22733329281097522,0.43427714607267065
2021-12-22,-0.4319481531270509,0.25313509694616043,0.8426877219177772
2021-12-23,0.8454590769272953,0.510257267605912,0.20153000521121536
2021-12-27,1.3094061960004753,-0.10278876979430818,-0.7238015802849864
2021-12-28,2.891784018597626,-1.0637780577431812,-3.357594399300406
2021-12-29,2.391617987658793,-2.689278129915822,-2.4325129320074623
2021-12-30,-0.2120156824644283,-0.23236249077880766,-0.578197040592645
2021-12-31,2.1539725637588765,-0.3488644831376838,-0.12745809960910168
2022-01-03,-0.6756898176250238,0.582267506158846,-0.140468085573995
2022-01-04,0.40094730994384037,-0.24040967017623685,0.1375460017562477
2022-01-05,1.0492650770939325,0.045002259925789434,-0.502617674080653
2022-01-06,0.5576840012049724,-0.19477201340983377,0.07693836003693084
2022-01-07,0.46267448124638777,0.5867401576313827,0.12732253789705167
2022-01-10,0.5620853107952251,0.5210161725348301,0.11638264769738481
2022-01-11,0.7134753608659864,0.46859662477068836,0.10587802924413581
2022-01-12,1.1049914173615345,-0.009227763042665926,-0.20863750655936902
2022-01-13,0.7385993802965451,-0.216854524576179,-0.12661794258231546
2022-01-14,0.7418327509609942,-0.1686725474132125,-0.18037351024215628
2022-01-18,0.5445231737773762,0.27165002211434564,-0.29853824035444426
2022-01-19,0.4149370956295801,0.14821277093568436,0.015281420389018786
2022-01-20,0.31848686407052684,0.051989625385444105,0.1166673188342215
2022-01-21,1.1964025927126205,1.102760406760631,-0.14322492906811998
2022-01-24,1.4246018844346489,-0.0810103911898036,-0.23503612440654642
2022-01-25,1.0000390393398595,0.13077475750181458,0.20046982179730813
2022-01-26,0.9547723266169215,0.40828642586305547,0.10398436168929039
2022-01-27,-0.05873968664748007,0.03094863523578352,0.08188840295759087
2022-01-28,0.03700237516709108,0.07174512570080288,0.19126444866302428
2022-01-31,0.21554451424466936,0.06584505348074028,0.09597813480519873
2022-02-01,0.5984619535715718,0.45864871900583715,-0.45392608367777865
2022-02-02,-0.31398182514730744,-0.43413990582423,0.9272188535244003
2022-02-03,-0.27055577871387304,-0.6201280437567063,1.503230537104089
2022-02-04,-0.3473366009472929,-1.676026609499398,2.9923486045243877
2022-02-07,-0.945962255211679,-1.8415047526482708,3.959632394521392
2022-02-08,-1.8747253515203406,-0.2524388552256387,4.112803142155708
2022-02-09,-0.9357319030393448,-3.8966129412545176,4.992941494204228
2022-02-10,0.3052938369197412,0.4169019082417296,0.030174779541171263
2022-02-11,0.26240664790108936,-0.19742874024071091,-0.1500094666525918
2022-02-14,0.36657423510883025,0.03247105727689713,-0.03466041717152443
2022-02-15,0.48434648074881725,0.09298338496779729,0.23954976460918578
2022-02-16,1.1747153824683374,0.8256386865456888,-0.19086259781258397
2022-02-17,1.451121163906122,0.9293441570970068,-0.3603894577705163
2022-02-18,1.3388529286632094,0.7642273627804668,-0.20726654496760816
2022-02-22,1.3274653593101104,0.7100973881214376,-0.20472275930996336
2022-02-23,1.2884684299421485,1.1021020557980221,0.1374441745885789
2022-02-24,0.6029456445696169,-0.1410630396884447,-0.06723676324531286
2022-02-25,0.4528006058092386,0.013148134151784258,-0.14245865709013317
2022-02-28,0.7810358082394004,-0.669429070493981,0.4716666838857568
2022-03-01,0.12318658795403029,0.06615459434891724,1.0588326574413531
2022-03-02,-3.5565317546304875,-2.148483542114718,1.4018399714026168
2022-03-03,-4.608415607691484,-2.638668161779539,1.3529194158740088
2022-03-04,-2.9906213298118893,-1.9155287574695656,0.8581700160016724
2022-03-07,-0.4855768251082817,-1.1532822572370707,0.038927833951842176
2022-03-08,-0.5839118209321436,-1.1995958031938465,-0.048566367177065084
2022-03-09,-0.8160618280546796,-1.2503381107605924,-0.11606453938629455
2022-03-10,-1.1288911213943438,-1.4225202792374247,-0.18594924041335203
2022-03-11,-0.9549047075867011,-1.238923669902313,-0.054333440226690816
2022-03-14,-0.4926990444060248,-1.3338912244646361,0.2919680429663757
2022-03-15,-0.5029297340675107,-0.7604297441229441,-0.15355142141890488
2022-03-16,-0.08554977471857393,-0.3361158229796186,-0.12758141388357983
2022-03-17,-0.37537619498242025,-0.9007974999598846,-0.15561211399470842
2022-03-18,-0.13520816330836266,-0.6487670711659076,-0.0988492840749727
2022-03-21,0.2664072002566428,-0.2783527083877273,-0.14039612820597247
2022-03-22,0.7647629979683823,-0.80902244395491,-0.34249993676049706
2022-03-23,0.048910833576031994,0.445441171669738,0.056226533625491695
2022-03-24,0.12937427440654478,0.9629764731892663,-0.12660901612795084
2022-03-25,0.47463881191546975,0.7345333354803525,0.3767115444688566
2022-03-28,0.34815454149424685,1.3938550810404409,0.17936204864955663
2022-03-29,1.1663515031297584,-0.11843416051178021,0.30651712431744327
2022-03-30,1.6775065917551555,-0.4507039900801312,0.6231740820240069
2022-03-31,1.0131412335903809,0.014389341609788137,0.04869796929529692
2022-04-01,0.6058725376504435,0.06928244139846691,0.046126339189320166
2022-04-04,0.6855495725817797,-0.2941499598072953,-0.21127363446585898
2022-04-05,0.44275129357955045,-0.10102988466376282,-0.048724907102987595
2022-04-06,0.6586010640730146,-0.111732977963724,-0.08774963956030721
2022-04-07,0.6071912561367477,-0.43490652283632986,0.3676642250218414
2022-04-08,1.1886591068768013,0.5965143478023356,0.1312991380775593
2022-04-11,1.1632406300849163,0.3021852101927166,0.02131813453737555
2022-04-12,1.204436880262528,0.5678446707330944,-0.004328253158379435
2022-04-13,1.3249534852408342,0.7746833917695359,0.055547913736537335
2022-04-14,1.5502748850651749,0.9942659517224186,0.08080715384064095
2022-04-18,0.850394078010876,0.5339647507204612,-0.06340609742889414
2022-04-19,0.36099293204517985,0.5454822836624932,-0.23519851637459555
2022-04-20,0.5813998654826893,-0.16665979629964855,0.17893849295592654
2022-04-21,0.5278196595095564,-0.03180613477523857,0.11818242620822102
2022-04-22,0.27029809418322054,-0.08664767747658925,-0.024181365240759513
2022-04-25,0.2418575094104618,-0.046629184852568645,-0.0718582775260394
2022-04-26,0.6491302109836583,0.21868527668246354,0.08708311218672243
2022-04-27,0.6301304355401603,0.31338305738043054,0.16122538668256386
2022-04-28,0.42515551976266724,-0.006187817244452451,0.010911705242664464
2022-04-29,-0.0923896345363713,-0.2551245887212513,0.4264348310930795
2022-05-02,-0.016355267385855736,0.11492726905338005,0.1429951717062453
2022-05-03,0.06764943541554932,-0.03903902613362065,0.15317385581506007
2022-05-04,0.2364604332329015,-0.0998038510369517,0.10330465808850758
2022-05-05,-0.11241914285892401,-0.693321917024542,-0.4796443183053423
2022-05-06,0.6739633549295213,0.04554610263168456,-0.20329341419830274
2022-05-09,0.9887588307649643,0.3497877645263054,0.2728240454680569
2022-05-10,1.0639306943869005,0.4355231317866466,0.19842293262024038
2022-05-11,0.9909743342278452,0.5962708167808107,0.2245542417504441
2022-05-12,1.0953153282340973,0.5182361621990432,0.23138472632945245
2022-05-13,0.45365365255784984,-0.44986896896409884,-0.20295206978820393
2022-05-16,0.5115479681694883,-0.43137863524513675,-0.2902990866513474
2022-05-17,0.2942014968758939,-0.17644862942258321,-0.12883292554410608
2022-05-18,0.3027056047697081,-0.18073146482834226,-0.1379558871797898
2022-05-19,0.30518000788701766,-0.14139685850159553,-0.1381514696845856
2022-05-20,0.3272836651105164,-0.14687107025952956,-0.05170095504994145
2022-05-23,0.33473843818995463,0.039752025571306006,-0.10007460161896323
2022-05-24,-0.25429080910547214,-0.04523704450235021,-0.03480214908975898
2022-05-25,-0.7209550131194632,-0.01190574548355644,0.30882636778702344
2022-05-26,0.17486830132407308,-0.09785501122911212,-0.2396727958514578
2022-05-27,-0.15120497455279064,-0.10823368835316491,-0.032491029377991955
2022-05-31,-0.08078022300994075,0.6727330943401106,0.32962384072653567
2022-06-01,-0.05095349614878623,-0.05461780643707925,0.19061612358226712
2022-06-02,-0.9427959937086219,-0.7290199917541909,2.161914802298837
2022-06-03,0.1600254918068274,-0.038138076439130995,-0.012487524602924592
2022-06-06,-0.11152486855738106,-0.3027381815296125,0.02779380989948089
2022-06-07,1.0973158581178326,0.6507257696984237,0.1962277783793521
2022-06-08,2.859805843506845,-1.0366196526987232,1.570233457938943
2022-06-09,0.8306227334767066,0.36269103681644,0.26120665049313607
2022-06-10,-3.409557394025332,-2.8793491141166263,-0.47422107609902453
2022-06-13,11.193354993195893,8.89557758732364,-0.9740542815106995
2022-06-14,6.120985830068711,4.602791444346394,1.1249154550511846
2022-06-15,0.045793286286268595,-0.9696680655183275,-0.03151064434798708
2022-06-16,1.4073203710099729,-0.17895194721088284,0.09266368110998281
2022-06-17,0.2036487196981461,0.20340257060583294,0.114142991820122
2022-06-21,-0.0753837500100318,0.2665339222499957,0.21888981456479215
2022-06-22,0.06048593776941733,0.14762603920587958,0.21102031126520657
2022-06-23,0.07808995407742034,0.06388332100921768,0.008101027023575517
2022-06-24,0.32706959997019097,0.7255671272692485,-0.007542737649765782
2022-06-27,0.3202165218458484,0.5251569198855034,-0.0045788894013546995
2022-06-28,0.3157146198807937,0.3421218605401929,0.03270762950052774
2022-06-29,0.06482474863293324,0.3837835510995088,0.20455762334811178
2022-06-30,0.23144374520148397,0.07137791623605416,0.040984093748297465
2022-07-01,0.0816485769605931,-0.06849889463211789,0.04364777739576383
2022-07-05,0.9286897414924846,-0.17216614562198518,-0.037128271498933614
2022-07-06,2.448574739303637,-0.6844514870290578,-0.6450290666417205
2022-07-07,1.64304793519599,-0.4949001126974399,-0.679564613214511
2022-07-08,0.578732877451829,0.03468251217860506,0.02382747110934768
2022-07-11,0.8018343156599335,-0.094188023454908,-0.06281288517623979
2022-07-12,0.7092652451563712,-0.1484162653620386,-0.041409264775201106
2022-07-13,0.027650964945849003,-0.5422156648735688,-0.1446703144293377
2022-07-14,0.06525758187815507,-0.05618229509216954,0.4404707181902223
2022-07-15,0.24482303514315715,0.14361797487702374,0.19506395442567995
2022-07-18,-0.6920555709306493,-0.23751444597062443,0.7894584033012157
2022-07-19,-0.33949703849796126,-0.3266523482478707,0.5166886633098164
2022-07-20,0.16436918524701122,-0.9150724462271895,-1.5485296626599614
2022-07-21,0.04887710893448438,-0.4333012576961286,0.05074337448124819
2022-07-22,0.18530505195405056,-0.044153357095238766,0.1937071086421642
2022-07-25,-0.5182793141169123,0.9605459817918479,-0.12462760665771343
2022-07-26,0.7306488707226804,0.3283525233633477,0.10545032834656047
2022-07-27,0.6605197441279482,0.24694035718278692,0.010355721251529212
2022-07-28,1.1685314224317906,0.6417434094726291,-0.051731146450450904
2022-07-29,1.1078060280038395,0.649324103572551,-0.044333165656331365
2022-08-01,0.8631888101130252,0.4285008410246096,-0.004958419845073237
2022-08-02,-0.6376346332141503,0.06108835390288578,0.3888092053097589
2022-08-03,-0.39136913368211707,0.1307604927522546,0.33857352443602917
2022-08-04,-0.09536005935397313,-0.04598823627306764,0.21219842261827357
2022-08-05,-0.12572317070486433,0.03288753727080079,0.020279775057297705
2022-08-08,-0.04641793926206631,0.2077907489303153,-0.12505888713571384
2022-08-09,-0.13932640649438932,0.16865390640586791,-0.08052519529298166
2022-08-10,-0.022847661367159492,0.05220822429918154,-0.23349178400948903
2022-08-11,0.3235961848835891,-0.05119618818117928,0.1575744581668167
2022-08-12,0.3065300111178039,-0.010704304281815617,0.08120387235653943
2022-08-15,0.27001190187120006,-0.06309124610881196,0.08274698250946834
2022-08-16,0.4314662249801174,-0.14774053921749236,0.0724394379711308
2022-08-17,0.5026565155501076,-0.20602172687087122,-0.02103365280590692
2022-08-18,0.6514054148741991,-0.16520191596788522,0.10516909547403687
2022-08-19,0.9573701067546945,-0.5244548581831381,0.4613020062523763
2022-08-22,0.35551411486178697,0.20163524708733718,-0.41989203963301014
2022-08-23,0.018153978252664935,-0.14579310180887603,-0.11127107984085861
2022-08-24,-0.40786107892638546,-0.4604264222915873,-0.14614897098171523
2022-08-25,-0.03002859313324594,0.06590768687039941,0.09288343587705421
2022-08-26,0.4048256492559294,0.1255226387684186,0.02270977420773371
2022-08-29,0.21764327811700487,-0.28958265053672405,0.084879319806803
2022-08-30,0.11573354792129108,-0.3307857054376141,0.2440962393340226
2022-08-31,0.2986502076646719,-0.11399898239231597,-0.04238065074831647
2022-09-01,0.23030226064293088,0.018558875500573405,-0.034545644149008806
2022-09-02,0.18521546960566423,0.041037520265874976,-0.018030241486853213
2022-09-06,0.27409418322758916,-0.11649299727749686,-0.1538518105606027
2022-09-07,-0.6156717744533889,-0.388477953914072,-0.715486484904752
2022-09-08,0.36708586567244283,-0.42356160886091554,0.2623183257577075
2022-09-09,0.28302946638986337,-0.45919484011879574,0.22025167806804274
2022-09-12,0.393866923494972,-0.3282232581065889,0.20935707435745812
2022-09-13,-0.47232607882758165,-0.7782142666842977,0.055938651566502864
2022-09-14,-0.32537430872031675,-0.6771069579666069,0.09627383531836815
2022-09-15,0.23242775942481625,-0.20094404114578657,0.05102212647579803
2022-09-16,0.8856141297282607,0.4101042329764807,-0.2761284950678736
2022-09-19,0.14796613178731244,0.4559043607045913,0.0812113815680128
2022-09-20,0.01980478597394346,-0.45195973414411444,0.05616328726549816
2022-09-21,-0.19421409038664444,-0.3874936498414267,0.005130410662406138
2022-09-22,-0.28638278023838154,-0.15881409860134463,-0.03951969502841437
2022-09-23,0.15266463449570872,0.06158371027464186,-0.05909868561336833
2022-09-26,0.12743945252172406,0.12232644376517365,0.24407219077240266
2022-09-27,-1.0456228821361981,-0.14491380112979835,0.05282146008301612
2022-09-28,-0.19043163704151805,-0.0869986475707735,-0.08148168744041222
2022-09-29,0.0005887356276925327,-0.041975877818211056,-0.01099195656706148
2022-09-30,0.2845085894961948,0.026858254080976682,-0.09954122885648643
2022-10-03,0.07581622607701607,-0.04233259847978274,-0.01894543479004736
2022-10-04,0.14312003930667822,-0.05798407823236128,-0.03911706328310049
2022-10-05,0.16449608099271854,-0.04363454009732763,-0.0291476071331991
2022-10-06,0.18788783728808128,-0.03218378391168082,-0.030875381706570237
2022-10-07,0.2955956617387843,0.0009834536241911454,0.1532409758664506
2022-10-11,-0.062169786153943724,-0.06684677943655704,-0.1628648754068614
2022-10-12,0.035975680300033695,-0.03485815843643904,-0.10988605435099184
2022-10-13,-0.2830709882910631,-0.318579632336879,-0.18485616338490224
2022-10-14,0.5313954506215558,0.20348652705109715,0.06035322991588486
2022-10-17,0.8747157573222533,0.3829022209593969,0.08607394304564785
2022-10-18,-0.2402052632093045,-0.18293779633156823,-0.012996185158392017
2022-10-19,-0.0760831598306849,-0.09168405263052898,0.006874052936202551
2022-10-20,-0.08620110941212157,-0.10106263102434773,-0.013478818516145854
2022-10-21,-0.1569352177856954,-0.10093847520336857,-0.0193786651035242
2022-10-24,0.07691052732648529,-0.02867365158638968,-0.015400224993712885
2022-10-25,0.15591376143648916,-0.05307282390862455,-0.0372664444645273
2022-10-26,0.02082356570316027,-0.12563612924259293,-0.030486939120397422
2022-10-27,0.018694653373854318,-0.1754443560425144,0.014691971115768627
2022-10-28,0.04754361719640828,-0.17083793781807258,0.012514333637609645
2022-10-31,-0.32601555509156666,-0.24434913076461884,0.32174351315434785
2022-11-01,0.13685194896264155,-0.01800789071767121,-0.010499287060525126
2022-11-02,0.10601264395374574,0.011825042282687387,0.009462582295001933
2022-11-03,0.09704221650866625,0.005914174140756224,-0.01971136534029744
2022-11-04,0.09517127018248737,-0.2127003903357858,-0.201213993864311
2022-11-07,0.09014333594322735,-0.1441857315222009,-0.16668306452986476
2022-11-08,-3.6976989105805043,-0.4008223324780821,0.3773412330670788
2022-11-09,-0.17912438451148044,0.5372609729987989,0.9529300406577551
2022-11-10,3.0252637495236896,1.4582065383818914,0.5389140131984799
2022-11-14,0.7948550029355957,0.16698602087440678,0.5354748506886581
2022-11-15,0.7110707375856289,0.15148002015264034,0.4049158765362193
2022-11-16,0.6738436428919422,0.24693373841958122,-0.10186633561059422
2022-11-17,0.3127105532696543,0.17760022347193338,-0.027682589818896017
2022-11-18,0.2237494530684211,0.01648970612087978,-0.01510155897041338
2022-11-21,0.48258055163320623,-0.04626140087748506,-0.09856878603452972
2022-11-22,0.2120516715334614,-0.08657772948046129,-0.11874221602038554
2022-11-23,0.12402675810617492,-0.09301748022411756,-0.12661277301630544
2022-11-25,0.2708626998539729,-0.05505086227357546,-0.1296199835437349
2022-11-28,0.2344425060265499,-0.05603706546084964,-0.03696455788485018
2022-11-29,-0.04212747094697803,-0.07519861911589837,0.014807875289922333
2022-11-30,-0.21012402834333102,0.9079823081926314,0.8666737108651232
2022-12-01,0.3219279674239185,0.037941642801919064,-0.025391679427807113
2022-12-02,0.20146644047140047,0.05788354635040366,0.0636753712223859
2022-12-05,0.16055964561896208,0.06312409170541822,0.06670400436947721
2022-12-06,0.012016301901443162,0.027250400261369365,0.005831986717749965
2022-12-07,-0.004393176493935391,0.02377912174014063,0.021781794427439653
2022-12-08,1.3076305331954117,0.33503604995880154,-0.35135992045994907
2022-12-09,1.7000299041042217,0.4777198992045601,-0.4826963226383882
2022-12-12,0.14403086605942433,-0.09020834132020508,0.100030585137774
2022-12-13,0.2127476639748071,-0.09987428632052041,0.028739632379451045
2022-12-14,0.1966581446154728,-0.07262381209861112,-0.02703367287252803
2022-12-15,0.19308235351370184,-0.03649371542500143,-0.07367997519367704
2022-12-16,-0.49305755109240285,-0.3843979589329987,0.272174858667009
2022-12-19,0.10151122514445814,-0.1762949358432697,0.0316100336223355
2022-12-20,0.9873511087794854,1.0634317964342777,0.6858050975774668
2022-12-21,0.437733866193122,-0.38576364728020773,-0.1119663148277523
2022-12-22,-0.021465146571450273,-0.14806811512860243,-0.012864698886070015
2022-12-23,-0.18328099100207432,-0.012133200613896458,0.07348391275395662
2022-12-27,0.039677262477850014,-0.08108557274438388,-0.03145636169594602
2022-12-28,0.0429386877317308,-0.059652073694970574,-0.029116673104164156
2022-12-29,-0.5069400745623032,-0.3381704611573742,-0.2257632561395017
2022-12-30,-0.3018730940551181,-0.19652319023374817,-0.15605812998168428
2023-01-03,0.019315758720884903,-0.015449995829427354,-0.0665491706683388
2023-01-04,0.03038889092129603,-0.011948878066979373,-0.0653309939410982
2023-01-05,-0.08400406003241548,-0.0341478143173896,-0.07277126561918007
2023-01-06,-0.033859096964313946,-0.02845952875579858,-0.07484056518637444
2023-01-09,-0.24248453312773982,-0.1166325849686082,-0.0777126627180812
2023-01-10,0.06052341604915803,-0.028734568766751963,0.19960427438804515
2023-01-11,0.31262119975245556,0.05434170322100789,0.13972695948824523
2023-01-12,0.4487462371507569,-0.0894615185665886,-0.18251668872455323
2023-01-13,0.5029462769318376,-0.06618998647029853,-0.33166421976403393
2023-01-17,0.005750865626886665,0.09841799577899107,-0.898759723660517
2023-01-18,1.5650863075890062,0.13202880682663662,-0.4772054261689049
2023-01-19,-0.2869099351518947,-0.23191127866327493,-0.24309153120050314
2023-01-20,0.21695724616135223,-0.17765569813074333,0.19153726751269273
2023-01-23,0.6524552955926394,-1.0130660740942081,-0.07663163655807857
2023-01-24,0.28893934867219845,-0.15606145421004952,0.11680733329801551
2023-01-25,0.6010223727917523,-0.2474089478107483,-0.14620961535313862
2023-01-26,-0.5845017924494843,0.12883981661008087,0.36318189560753716
2023-01-27,-0.23189337268641014,0.029872162215914294,0.20291873095269983
2023-01-30,-0.1720748043732632,-0.04462680184047471,0.18082200445664232
2023-01-31,0.07911002398900928,-0.12376120558618553,-0.03710380505033235
2023-02-01,0.09453490246103753,-0.11709159928215539,-0.03704101055577606
2023-02-02,0.018258835060114872,-0.1668874804679258,-0.03225388588416313
2023-02-03,0.05180884168380695,-0.06170009383386725,-0.07686621270894951
2023-02-06,0.0327714486753854,-0.07692516246210393,-0.08531605503589615
2023-02-07,0.03783864127637263,-0.07584184918529638,0.02482565696097882
2023-02-08,0.19222059501366623,-0.01647289875045258,-0.022127062869644058
2023-02-09,0.5189493264967237,-0.012631535972572883,-0.07540550183795126
2023-02-10,0.5767376376257828,0.12666426878584644,-0.028630657734787953
2023-02-13,0.8267690576156161,0.17636586367907048,0.5828613452836314
2023-02-14,0.7828528404378571,0.1534457631160273,0.5918266182845541
2023-02-15,0.7144197978503899,0.12466191168842483,0.5249746894338136
2023-02-16,0.7180581706014922,0.15563359973673352,0.4867108910077606
2023-02-17,-0.04988797608640901,0.9358380008285099,-0.0705158549139294
2023-02-21,-0.5428568853288172,1.6753162400585302,-0.9568670472659442
2023-02-22,-0.17397937215272505,0.013287358529787421,-0.15032897404250037
2023-02-23,-1.0243569893490112,-0.33319971937907955,-0.4840307606265917
2023-02-24,0.1603086886390199,-0.19424765797874333,0.14613528652115462
2023-02-27,0.13789696853301617,-0.17517087972157958,0.17349631078409886
2023-02-28,0.056679398200981064,-0.31662192781847565,-0.011373638620929008
2023-03-01,0.13844539005636142,-0.2163494918029646,-0.036132051235724924
2023-03-02,-0.07505807200120007,-0.12624859012685657,0.012887340236055955
2023-03-03,-0.4764893966936403,0.046170502528365166,-0.03035009282657974
2023-03-06,-0.5872618723839826,0.016497051916045516,0.046957409805787644
2023-03-07,-0.6807868126319156,-0.03078361112300619,0.0937908973677157
2023-03-08,-0.9239226031444523,-0.2102969709642467,0.01529746596822191
2023-03-09,0.5755533317792775,0.2603317146899646,0.13876582482850816
2023-03-10,0.27250770603380653,0.1125634738294406,0.12720643990769584
2023-03-13,1.5448617858179554,-0.8094578889474059,0.2680962551374064
2023-03-14,2.1081524391460733,-0.3291972172628459,-0.7740217109237261
2023-03-15,1.8544323445173163,-0.36330747238808536,-0.6310518878314778
2023-03-16,0.8354933581396791,-0.5011623996975398,0.0772540309860752
2023-03-17,0.36616882069235923,-0.20316617477912394,-0.13061855732512445
2023-03-20,0.00755262394034457,-0.24933004782203178,-0.21783196256299617
2023-03-21,0.07666364644653734,-0.559629229273091,-0.042936246258334934
2023-03-22,1.0369880240707823,-0.2403537433044216,-0.200144659838748
2023-03-23,0.663571364719518,-0.01948931626303247,-0.0698062675036452
2023-03-24,0.39495120407701273,-0.07441483468342236,-0.09348089988302521
2023-03-27,0.6380566394708915,-0.12897983323328943,-0.08098509702346957
2023-03-28,1.0624559409391041,-0.41970543776180114,-0.048576886104223733
2023-03-29,0.9539354604618481,-0.40571338252813793,-0.06218570939281101
2023-03-30,0.33450013209381013,0.344290489335988,0.20593426954197466
2023-03-31,0.24241418942473386,0.32244690403751086,0.21970463092467496
2023-04-03,0.26465777461653023,0.25026022616692983,0.20079028294108545
2023-04-04,-0.020343605235836327,0.14117695476645947,-0.06134778663859508
2023-04-05,-0.0022929176543525307,0.12917516484667807,-0.04770410343099709
2023-04-06,-0.26666157492589165,0.03062558763920585,0.07752875273202159
2023-04-10,1.135186320658047,0.7360118136369961,-0.6688155022184558
2023-04-11,-0.4706041598263838,0.171981763117953,0.5110952646611946
2023-04-12,-0.8727029071283658,0.16363767723923017,0.5124685325188637
2023-04-13,-0.3387086271821426,-0.03064113914297162,0.7130340360246882
2023-04-14,-0.1492524533907948,-0.061948262635623974,0.33050228576160673
2023-04-17,0.8672164166865394,0.1075771171799016,-0.7498454526640237
2023-04-18,0.3191146408695232,-0.08759655463913252,-0.2895170199796082
2023-04-19,-2.1586305184123686,-0.3861424205395059,0.11411081023236677
2023-04-20,1.563270442957293,-0.7280000431507683,0.19262015281844214
2023-04-21,2.76542951369289,-0.6092515157866017,0.009112929219827866
2023-04-24,4.058489921703172,-0.8045479049296935,-1.418987447306529
2023-04-25,0.3804776661940131,0.23792359625154008,-0.5180928244177465
2023-04-26,0.20064971176651825,-0.07988928073812429,-0.7255039225817937
2023-04-27,0.9879148205160115,-0.057375288409240666,-1.381782224550948
2023-04-28,0.4207182279698845,0.48949382101401223,0.018837360161056558
2023-05-01,0.23145801945262218,-0.42691637988568587,-0.017629772063018228
2023-05-02,0.4004780341473008,-0.525552028310548,-0.040191170162485274
2023-05-03,0.41030662846269506,-0.4315955633927417,0.0015351270224697533
2023-05-04,0.22026426610864014,-0.1727908545337187,-0.28471038863779974
2023-05-05,0.5133159965391157,-0.22504980434286692,-0.43646368161358573
2023-05-08,1.042826860351889,-0.2585534971921728,-1.484417732398189
2023-05-09,0.8953882435758981,-0.03519945747669828,-1.2464807752728289
2023-05-10,-0.39060165354218723,-1.1459183843960736,-0.027037274053287482
2023-05-11,-1.2734761481497552,-0.6127557481533027,-0.34234946234281954
2023-05-12,-0.2779655316559842,-0.16514239976694162,-0.013864754488097318
2023-05-15,0.3236805567476619,-0.1720956552018792,0.15695811913654284
2023-05-16,-0.0029699517133971935,-0.19818100564846172,0.2614399319485173
2023-05-17,0.08737559716230704,-0.1864317201601145,0.25038862744672735
2023-05-18,-0.15885819397802403,-0.19210709431229023,0.4271491412219256
2023-05-19,-0.9761532817739359,0.2777770346699815,0.5210764175162668
2023-05-22,-0.7809358893435996,0.1894405460816222,0.48671949803377795
2023-05-23,-0.32523146953717225,-0.0032627810978921217,0.010693723507995198
2023-05-24,0.917093366994918,0.15984351817859077,0.8297571447765812
2023-05-25,0.1888498812305081,-0.22481885553743064,0.6811963297344643
2023-05-26,0.27750244750664327,-0.19251547387770046,0.5991002487658025
2023-05-30,0.21561879028453387,-0.4819505969524148,-0.2464967065572374
2023-05-31,0.25630840295971896,-0.47897886287157254,-0.13314206842068188
2023-06-01,0.3073693696398554,0.24347441307165396,-0.008049567780786814
2023-06-02,0.24485685430276485,0.22273815077802298,-0.011549864128177618
2023-06-05,-0.5351415693326446,-0.0933013645711137,0.17666341913433078
2023-06-06,0.10464376453942928,0.40842202240344994,-0.4515319741297804
2023-06-07,-0.3793325351150615,1.1409458083780515,-1.0302815761244415
2023-06-08,0.16607628869103158,0.07613292939109959,-0.06803828959826162
2023-06-09,1.1447826780738581,0.043072358470521266,2.1571747056607267
2023-06-12,0.8367290710044025,0.09829907992386921,1.2400848122700996
2023-06-13,-0.22213844833192564,-0.14761688812345045,0.014014413818393537
2023-06-14,-0.24446910607364913,0.31431011102279494,0.191690408733417
2023-06-15,-0.42967673991505195,-0.1651996198197257,-0.14488127911262574
2023-06-16,0.9343478898276187,0.30128361069297577,-0.45240768694449657
2023-06-20,2.2989580809663615,0.8334603198690802,-1.0572257201887292
2023-06-21,-4.53937072780749,-1.4820430672795188,11.543014480519375
2023-06-22,-3.2692840382172204,1.5092572725054585,1.386497500382118
2023-06-23,-2.366380680134314,0.32062957101372946,1.2970545041308392
2023-06-26,-1.7426597708836937,0.22323757664237942,1.162221701175117
2023-06-27,0.5621742018452641,0.1716416305759394,-0.4218984715364895
2023-06-28,-0.10591176853750417,0.07500648452201564,0.02479132106258673
2023-06-29,-0.0431910016169027,-0.070830286969339,0.33505185932820003
2023-06-30,-0.12347822484272124,-0.05564804918292998,0.28003963442324203
2023-07-03,-0.3415208652738918,-0.07568855579605416,0.3928151941026009
2023-07-05,-0.9815193344969608,-0.5228170586401374,0.6118351583829823
2023-07-06,0.4768679972397294,0.04762178213061316,-0.15721882740333576
2023-07-07,1.3986566026160747,-0.2974471318101764,0.19959811603362454
2023-07-10,1.3988329403134194,-0.2771881877001567,0.20696381818930948
2023-07-11,0.7699045675607976,-0.1568021662422753,0.19465925914219287
2023-07-12,-0.24468677006125816,-0.06811827898929947,-0.1387412708621227
2023-07-13,0.7990769071496532,0.20950863328361463,-0.19525842038160798
2023-07-14,-1.8917306827769944,-0.7513821658394815,-1.3538395534911776
2023-07-17,-0.4974476273462698,-0.24213979732222313,-0.6090470458390661
2023-07-18,-0.604960441988899,-0.5029021988937294,-0.2582381219566236
2023-07-19,-0.5109893458753934,-0.6292913622882413,-0.6912544701442656
2023-07-20,-0.2445751022807483,-0.0704490792582962,-0.06792379323257704
2023-07-21,-0.4776685608539784,-0.06315649050248992,-0.150073517306832
2023-07-24,-0.8573002001235733,-0.15797873232756565,-0.24555659512243225
2023-07-25,-0.2816432349240544,-0.28799932818529994,-0.00787582443464851
2023-07-26,0.7360743906588579,0.5518754210424615,-0.8339193855580733
2023-07-27,-0.03298491807201481,-0.04096420550208471,-0.21953535573196242
2023-07-28,0.07923887619274281,-0.02327409778182119,-0.07108643206695235
2023-07-31,0.03989366434686328,-0.03525936351340521,-0.03153555248363095
2023-08-01,0.06866082462521174,0.046027336254891506,-0.23757550585966233
2023-08-02,0.07212633384623961,0.14934053587921245,0.4798691786998155
2023-08-03,0.2564453922474544,0.23845940243203223,0.3805497043127873
2023-08-04,0.1955741131541914,0.20194505802771678,0.461919746467588
2023-08-07,0.19362026767755516,-0.02957786889347474,-0.027711943319438347
2023-08-08,-0.8328224913284759,0.4575668791552014,0.376257128470875
2023-08-09,-0.46913767561142816,0.3483403921345424,0.27195016609010264
2023-08-10,-0.031817863272537314,0.3950374048903976,0.11598451482743945
2023-08-11,0.32644620909996863,0.2295550622095679,-0.11566220018056966
2023-08-14,0.12231473041773255,-0.11228032739703497,0.10583608808589157
2023-08-15,0.08654587284916107,-0.0786126662731081,0.05822258682796039
2023-08-16,0.19046707192258208,-0.08788959615012186,0.06771086959394304
2023-08-17,0.7890723143129837,-0.5277036418751365,-0.40259342386612096
2023-08-18,1.709464130723075,1.7856855520276327,-0.6149262285641321
2023-08-21,1.6006503594696404,2.0206023360168492,-1.8457583478680604
2023-08-22,1.3231348610136267,1.6218516255652444,-1.9124948010974758
2023-08-23,0.047075737488277404,-0.02755083365096426,-0.07106078220560466
2023-08-24,0.22713087239672927,-0.014625725409982304,-0.18062458884302857
2023-08-25,0.20686813152265215,-0.05540524610008064,-0.17554801661377728
2023-08-28,0.06361931446457994,-0.09178701506073098,-0.04651529671148792
2023-08-29,0.07715923027737999,-0.34252062032100977,-0.312739651843697
2023-08-30,0.42502953722275194,-0.26414676164845985,0.3310925181186916
2023-08-31,0.7290588377011052,-0.2964968789287189,0.6675376741527984
2023-09-01,0.5893849180597268,-0.3520448509185894,0.73014325651079
2023-09-05,-0.26421997719624163,-0.33509818050282614,0.48018683332937406
2023-09-06,0.2919618726421379,-0.365868747572748,0.5263993590584144
2023-09-07,-0.06909034159159398,-0.22199955932951876,0.2900093826112658
2023-09-08,-0.3824012666192829,0.18984984720267806,-0.2559233857034765
2023-09-11,-0.1564657266773666,0.2583174604932932,-0.10829046792028801
2023-09-12,-0.5542336609061014,0.02317972646136214,-0.11098702550186909
2023-09-13,-0.708900565729579,0.23025512544354154,0.33794703201008547
2023-09-14,-0.7405176001472589,0.5778232519353677,1.1248942739056982
2023-09-15,-0.6095010606826862,0.43985379797407487,0.42727222813164023
2023-09-18,0.4314617185261108,0.06638134210153467,0.38161065320618137
2023-09-19,-0.7373288838788391,0.3927455417836969,0.2819016146267198
2023-09-20,-0.4665530481812793,0.7195772909185152,0.5522479557353999
2023-09-21,-0.007227546361687268,-0.7916096976505799,0.0829777855849475
2023-09-22,0.028844076827532594,-0.21926117693025046,-0.07674443790963226
2023-09-25,0.12628859827065636,-0.15162489558499131,-0.09616019619898429
2023-09-26,0.11393327176862765,-0.15594880922206075,-0.09844166990909127
2023-09-27,-0.30592483445288104,-0.0005904786857381106,0.22910285350915732
2023-09-28,-0.5496876453553414,-0.011070156998127134,0.37295124128139356
2023-09-29,0.010321419501363211,0.05262824904993804,0.17126297225246628
2023-10-02,0.6549565383025377,0.019533237482198262,0.04627797497067451
2023-10-03,0.3292229511391576,0.2235658771437736,0.20708189888584938
2023-10-04,0.12378738274916287,0.17394589147346692,-0.06191225096333452
2023-10-05,0.07180763976066004,0.21710286051092909,-0.18442751364063473
2023-10-06,0.18158761585009286,0.014924147596574332,-0.02142232272034029
2023-10-10,0.21206093497457865,0.23536610432396227,-0.2052209518357075
2023-10-11,0.10331835933929877,0.2719597330536029,-0.4659411779691647
2023-10-12,0.08791203623124381,0.1261881116490764,-0.7332909204175176
2023-10-13,-0.22690422514183833,0.0836593847404136,-0.6426797792647313
2023-10-16,-0.30437165271371713,-0.373470003058045,0.5403929762087616
2023-10-17,-0.010291421985666415,-0.17375077050112872,0.3803339794465568
2023-10-18,-0.32686218361646857,-0.8554463088815166,0.14008643237352472
2023-10-19,0.5121536185571894,-0.08833623632561316,0.27374697526738806
2023-10-20,-0.42235915386800305,-0.3334780460788662,-0.14390322929768382
2023-10-23,-0.5763798238158013,-0.7206147558117447,-0.3230779475042515
2023-10-24,-0.8834673785962845,-0.1285991954886224,-0.8884890519620541
2023-10-25,-0.5968531778625492,0.3917263627232601,-1.0346264532153266
2023-10-26,-0.2801911487392017,0.3317424140851791,-1.061593795173317
2023-10-27,0.15994079473862186,0.2962474743914484,0.37708739830571425
2023-10-30,0.12174063451356676,0.11908143164741469,0.43266872901063663
2023-10-31,0.2706544803434359,0.05362762263411276,0.12463601629111078
2023-11-01,0.32923032944810227,0.6222114357027363,0.9937720561142692
2023-11-02,0.4457197905123751,0.2946113373136897,0.5560829857763282
2023-11-03,0.2863398820926464,0.15991562363972137,0.20584096745553715
2023-11-06,0.25812504632585503,0.16977469179106372,0.08027918429783527
2023-11-07,0.25581031840366386,0.17194255691460558,0.07311086450706254
2023-11-08,0.3355058565665374,0.13202774466210268,-0.018415772913679067
2023-11-09,-0.3441487685442985,0.5528449612560007,-0.030606695286046082
2023-11-10,0.25352920735168255,0.6899377703534815,0.019623627437126926
2023-11-13,0.36364426054866344,0.9608881201360561,-0.0252782603152141
2023-11-14,0.1694123210646853,0.41275414926250364,-0.43815366832014907
2023-11-15,0.6043851771595866,-0.002353319061022041,1.247919051656674
2023-11-16,1.498242859708172,0.39925612194173976,0.739440300326207
2023-11-17,0.7970711819467196,0.09691237256046203,0.8057888662862788
2023-11-20,0.44506685319935524,0.09971235968335324,0.7694530880218178
2023-11-21,0.06715896703911783,-0.02169240069403737,0.6057923245045106
2023-11-22,1.0473442505874737,0.20239173695072732,0.31483260515865885
2023-11-24,0.8694655076059097,0.05353752208847864,0.17391595943520705
2023-11-27,3.206265239021192,-0.1140019539482233,-0.2231478259588502
2023-11-28,3.4793385584750074,-0.14989299976367335,0.030798504918169278
2023-11-29,0.421581580913834,-0.19847661648884382,0.18001468620312533
2023-11-30,-2.8165524291561717,-0.5010723865237086,0.3657339992441224
2023-12-01,3.598403851612587,0.3302597750964453,0.1993115239313002
2023-12-04,-1.756044567503025,0.3806815207447074,-1.6300590034814777
2023-12-05,-2.536279977500155,0.26839742372931863,-1.1025570223719245
2023-12-06,-1.3679964122336048,0.7907202402719875,-0.3494523180756489
2023-12-07,1.1347544874208035,1.3311741407200721,-0.27044911573037445
2023-12-08,0.8419612799567702,0.6009185740660956,-0.2250344810498963
2023-12-11,-1.748307420801641,-0.2954499739540313,0.870483880269773
2023-12-12,-0.9148933177371261,-0.2719834663914173,0.3551251223800504
2023-12-13,-0.5225845659478366,-0.6651310298603986,0.7119966529517913
2023-12-14,-4.876798201852935,-1.790109831104333,-1.883937919239674
2023-12-15,-0.6892705058579683,-0.47790783993973457,-0.42690158479255896
2023-12-18,0.09032707553053848,-0.35241362942048615,-0.3727011896422376
2023-12-19,-0.09987052106893014,-0.17283250011407575,-0.18824711897717256
2023-12-20,-0.24828932004731818,-0.1226485800892893,-0.5752104660692384
2023-12-21,-0.190647252671964,-0.18726289142189134,-0.7007555048521619
2023-12-22,-1.191718840559502,-0.7309905798137892,0.571070378527029
2023-12-26,-1.1917188405595007,-0.7309905798137885,2.267796302324283
2023-12-27,-3.6832777891763238,-2.0024866921500886,1.3284665345760678
2023-12-28,-3.753722510764161,-1.6573670922756385,0.9095305028274094
2023-12-29,-3.940795568965616,-4.177617861737632,3.714086566733667
2024-01-02,-2.918934446517567,-3.4249994861108277,2.9316854238345074
2024-01-03,-2.382113531866673,-3.1493261913909576,2.9918299206599768
2024-01-04,0.9180556325873755,-0.019973317938563384,1.599797836809159
2024-01-05,0.954603892824065,0.033674212255263125,1.5721728351701156
2024-01-08,1.4304839144318227,0.782630406046503,1.9203006918230554
2024-01-09,0.9223110962826433,-0.6725802272652657,1.4486367846626298
2024-01-10,0.7832542227203878,-0.6229980546617051,0.0
2024-01-11,0.654234918029601,-0.4393874750089197,0.0
2024-01-12,-0.23264272606419806,-0.49260058487510094,-1.1492768230350765
2024-01-16,1.1853145570553418,0.687384252286241,-1.3188757586901925
2024-01-17,0.9428770376902322,0.6802889797575282,-1.3149746095655306
2024-01-18,0.8166249183637904,0.6509209690237212,-1.282090693607518
2024-01-19,0.4373498968353218,0.5303183927855086,-1.0800623592318321
2024-01-22,-1.3256550813029704,-3.2897778907454667,0.7789999267694308
2024-01-23,-0.5666107754338467,-0.38140395985596454,0.14638440654781024
2024-01-24,0.5962231133741598,0.7412327649371908,1.0647841320381628
2024-01-25,0.9920435810352212,0.6199900938246388,1.1437911852969218
2024-01-26,0.911561539305817,1.0080247374236735,1.5669569290751388
2024-01-29,0.3807224919934212,1.9589696430580394,4.979941354709708
2024-01-30,0.24160471442402,0.9650831959539661,-0.5958492532460343
2024-01-31,1.3281693015750244,-4.149169360993687,0.44925829315086674
2024-02-01,-0.5922745861427605,3.649702834319692,-1.0790207646968484
2024-02-02,0.2423545265380899,-0.08917722517417936,-0.010617420822673387
2024-02-05,0.18798815664989832,-0.08507349377814655,-0.057019485526067275
2024-02-06,-0.4108501746697369,0.3452028750816832,-0.3453839286691705
2024-02-07,1.01020408022888,-0.570185093472716,0.2557775766490092
2024-02-08,1.589596176030756,-0.05611441295963916,0.014489914830608006
2024-02-09,1.4484590853850565,-0.7786244096016331,0.3062308443658018
2024-02-12,3.299917149055073,7.036978821068082,-2.337829847113572
2024-02-13,5.43426076813482,7.57068656568503,-4.666446722390699
2024-02-14,5.587903272621453,5.925898905817311,-2.291352351992419
2024-02-15,-0.12698633642435203,-0.32553098400787306,0.9726464832680258
2024-02-16,1.0624149472101878,-0.047840217598536905,0.7063235481159256
2024-02-20,0.5122045309799006,-0.4241449246305976,0.4376188384099991
2024-02-21,-0.0204018712358307,-0.0799074204659669,-0.0389146441390636
2024-02-22,-0.26766904624315246,0.31155996286641646,-0.16290987468730508
2024-02-23,-0.24953193143297542,0.5264614464080979,-0.008217876666020654
2024-02-26,-0.9929482654157035,-4.470124648393451,-0.524178116792897
2024-02-27,0.8186554304166156,-6.9847036471437605,2.514250053553983
2024-02-28,-4.929912918013782,-1.7661628328563648,5.46144584924228
2024-02-29,-1.7282652987873721,0.777538334418924,5.907157491464541
2024-03-01,1.4551828152161403,-1.6193934821406142,7.488353724789705
2024-03-04,1.4197454962247336,-0.7401599172408648,6.579355985881174
2024-03-05,0.1054737558552887,-3.4855628369046414,4.186361088246577
2024-03-06,-0.20320453760670398,-3.8104395972898795,4.120221154766459
2024-03-07,-0.4084242519619939,-3.533797296650428,4.276026203698044
2024-03-08,-0.05288623553062067,-2.8451138143819015,3.5226687917372086
2024-03-11,-0.9676510879610135,1.2189984234295803,-4.416118411678965
2024-03-12,-1.2861927237935311,-2.007347994501246,1.3051833662801318
2024-03-13,-2.355287781971622,3.5938536598051605,1.8998419747401134
2024-03-14,-0.9242819816650821,-0.19568278172799514,1.2671392257858811
2024-03-15,0.22325849464969022,-0.7257646428763106,-0.2375131865629387
2024-03-18,-1.0516384970137445,-0.9133984820944838,-2.4663263278295897
2024-03-19,-1.2198409494366642,-2.062556573560035,-0.14055910574006897
2024-03-20,-0.5138131014887951,-4.319942387303685,-0.6884438193738145
2024-03-21,-0.06601385840121798,-2.8355525304693736,2.304928789575475
2024-03-22,-1.1052483409210851,-2.917570191175445,3.592960110749285
2024-03-25,12.331428101863851,3.076428214571279,-10.228802181578383
2024-03-26,19.942055749022305,3.8188590828013833,-13.600458015537862
2024-03-27,-1.6641192897083736,-0.1310724561121841,-2.7949835899232816
2024-03-28,-0.620240693399797,-0.5352425300726171,-3.1303821837126575
2024-04-01,-0.6401041937429672,0.16802111016186516,-0.366532028872739
2024-04-02,1.0461162301112978,1.3863087324117842,-2.4129057708042385
2024-04-03,2.627348737121106,0.3811611001088716,-0.837092397564028
2024-04-04,0.08486919129217975,0.3809817367419288,-2.040249910108351
2024-04-05,0.6078268359888058,-0.11226664933505703,-1.6143589533178997
2024-04-08,-2.820311288497825,-0.6080094161612437,2.8731465199781776
2024-04-09,-1.024462465310406,-4.6693025099975,2.1770929268842196
2024-04-10,-1.1729585957391928,-0.8582373120931222,1.9158621800924567
2024-04-11,-0.006118029947737245,-0.8940899948012069,2.5248684448254894
2024-04-12,-0.2502043853465162,-0.7339322548606333,1.8736439083692382
2024-04-15,1.4003238617837326,-0.2139516458055497,0.23591792220629326
2024-04-16,-0.16605320054779313,-1.2615803799352265,-1.2144554951688642
2024-04-17,1.6410539179090076,0.16815403484571367,-0.13817814424071778
2024-04-18,1.0838235352337373,5.079913546854547,-2.2277071877989214
2024-04-19,-0.19222625469303237,2.612972954902447,-0.18536552758510752
2024-04-22,-0.6187101916613525,-1.4497133735474845,2.024988607967106
2024-04-23,1.2174284914233946,0.6878348447636276,5.720650979771648
2024-04-24,-0.37737457480195435,-1.130463793276671,1.0391808962279774
2024-04-25,-0.37737457480195424,-1.1304637932766703,-3.5915511094939263
2024-04-26,-0.6468023344614537,0.1462129739836805,-0.7795629420782363
2024-04-29,-0.6150109064954015,0.03680995725211966,-0.6548030323455972
2024-04-30,-0.022002841022774822,-1.181051445894389,0.8432060643253727
2024-05-01,0.14049256609425412,-1.119533572209921,2.0480393556316443
2024-05-02,1.3158852785463968,0.0708226534970644,0.7264063032230198
2024-05-03,1.7341053987388333,0.4186612539062221,0.2982406704116399
2024-05-06,1.2849420878803537,0.4819858035324737,-0.03151031475743039
2024-05-07,0.866404299283374,-0.40687335506988415,0.15499334823835198
2024-05-08,0.36933409279194257,-1.774407571315595,-0.7675123714548973
2024-05-09,0.3706277830120951,-1.4116404046425757,-0.4539069681097057
2024-05-10,-2.0053974017357477,-1.9591761266662768,-0.8931372730515057
2024-05-13,0.6161017624096411,-1.9724345437117743,-1.5056574267471472
2024-05-14,-2.0122065420993893,-2.057399441396214,-0.6516249811655637
2024-05-15,0.4212379809582028,0.029941399857730033,-2.3734767446013363
2024-05-16,-7.678280698828141,-5.784287065080194,-2.9134678547915556
2024-05-17,-13.402756975553434,-11.208101273073423,0.07872207617648559
2024-05-20,3.238852473924821,-1.15826230635046,3.6660823248676793
2024-05-21,2.959512981559862,-0.275571503368641,3.3506708811714545
2024-05-22,4.337816518511399,-2.0592790377876002,3.1223377494608964
2024-05-23,3.3588940821803472,-0.6158559992198024,-0.19937555449307612
2024-05-24,-2.0571606993624436,-1.3718557349242677,0.812891761707886
2024-05-28,-2.91176034744365,-1.6999215405264922,0.776924940813386
2024-05-29,-6.223576906051625,-4.07210179739927,1.0653668578235633
2024-05-30,-0.11537495822985869,-0.41724144609262254,-0.10056190546020718
2024-05-31,0.1324494919223372,-0.23997419813212728,-0.10131694897942974
2024-06-03,0.524616332226243,-1.0699793921717147,1.3377991614265354
2024-06-04,0.1968082294708911,-0.10465151255954332,-0.7310671266497965
2024-06-05,0.21373793303409486,0.014285369142053028,-0.7718248594393614
2024-06-06,0.2892124872933678,-0.45574024356537346,-0.4168676937659362
2024-06-07,0.3116816077755066,-0.43360852237079045,-0.3125261563826782
2024-06-10,0.5335144825994482,-0.6118379356506828,0.6566143894178972
2024-06-11,0.278731317287555,-0.6667242977603595,0.8477698432039806
2024-06-12,1.2536215823088173,-0.9081921948517551,1.2141973424286234
2024-06-13,1.2308724261033621,-0.880099233048517,1.1542524798453258
2024-06-14,0.11546092594134938,-0.4036183105276045,0.36622869380280876
2024-06-17,-0.10159847243718659,-0.5226320857723822,0.05885665194014786
2024-06-18,-0.6432595392581942,-0.09950726912906163,0.3430579242217874
2024-06-20,-0.2907186661759509,-0.6321157561606847,-0.14847262894855842
2024-06-21,-0.42412535362612636,-0.9149278590641563,-0.13993779418727822
2024-06-24,6.51513064027356,2.1981447446715006,1.5693654390006304
2024-06-25,0.7253388159136298,-0.8075168455126633,1.4190488877085548
2024-06-26,-1.3528686305564097,0.07841632681471467,0.6654920642871828
2024-06-27,-0.4489810479889807,2.535420224008613,-1.7032009417684961
2024-06-28,1.325935561288893,-0.6168998132127645,-0.11951672670301663
2024-07-01,2.415056084987157,-1.215762194768556,0.19511166868527843
2024-07-02,0.7221441263373825,0.9560585985185671,0.47073284307579943
2024-07-03,1.3053645234563123,2.370784210406722,0.3066667823894518
2024-07-05,1.3765426313821472,2.518103302489529,0.31019233137869123
2024-07-08,-0.8234303295817406,1.065170558605956,-0.4238765009563131
2024-07-09,-0.6945399134257529,1.1984983057360517,-0.2878547628460133
2024-07-10,0.1340213487981155,2.0155825057641032,0.6469317119149955
2024-07-11,0.3354824991025928,0.15070773050650096,-0.8774156168445126
2024-07-12,0.48914912017393364,0.3520731919331525,-1.6406989308895987
2024-07-15,-0.7317202310725083,-1.1675337508669557,4.285142983499061
2024-07-16,0.49805042006776484,-2.61710305655638,4.660538739410614
2024-07-17,0.8001704019418479,-2.0058312745686484,4.675740110712343
2024-07-18,2.3504812140043336,-4.932452547179279,3.8705952204895024
2024-07-19,-0.6182411200683414,1.907465778250852,-1.092347399223638
2024-07-22,-1.228596335611232,2.994031805423858,-1.9795302556036778
2024-07-23,0.2970031247021323,1.1306028327255635,-0.09184222239775242
2024-07-24,0.21677527439878075,2.0475944429261284,0.23772515410566408
2024-07-25,0.15362346067475005,-2.537899115627349,0.30628052165470954
2024-07-26,0.4544806606381317,-4.44959641193899,-1.678664552040814
2024-07-29,0.4514236161625052,-3.677525374741789,-2.0082656677174477
2024-07-30,0.27858550485209405,-4.01937689071798,-2.1971524418516344
2024-07-31,0.6458752435665197,1.5981336296914164,0.9958719601540431
2024-08-01,-0.30063002901915403,0.2434306366223703,0.6197258635159962
2024-08-02,-0.037346479256645096,0.7464335316608919,0.07862642235810641
2024-08-05,0.5365473721492906,1.7453635261084552,-0.5179847978209953
2024-08-06,0.712573128663348,1.411094509578616,-0.528829928820369
2024-08-07,1.1769397307870457,0.7981472863799428,-0.3645879091730997
2024-08-08,1.6556960527264395,0.7996091586314859,0.019806503268866554
2024-08-09,1.4778531365449659,0.9014213053144343,-0.0012369787774068036
2024-08-12,1.3055825377143397,2.0919874066310196,1.0225569931228478
2024-08-13,1.3301427272417714,1.5200064639806075,0.8582606357086725
2024-08-14,-6.015657671857271,-8.583454589946438,0.3330119181696702
2024-08-15,-0.6086024089964676,-1.183675605975687,0.6803666528114097
2024-08-16,-0.5432634792455439,-1.7544792475424436,0.9765796040683075
2024-08-19,-0.6145953776523547,-1.2160265159417274,0.7794489511835351
2024-08-20,0.3326983293854012,0.18850053739993655,-0.710137351047664
2024-08-21,0.22148837335248783,-0.25595068426532347,-0.11130901279728023
2024-08-22,1.1205777751778472,-0.10297334797161417,1.5062804170390387
2024-08-23,0.7859611688973203,-0.3286280208084744,1.0108680069525642
2024-08-26,-0.16113820980654311,-1.0842481508121622,0.23257614926174705
2024-08-27,7.010660194789248,4.297240464384424,4.148690589845241
2024-08-28,7.789857300298408,5.482394058824314,5.562916226872807
2024-08-29,2.9812170325842215,1.5562204255874397,-0.10542449026557539
2024-08-30,0.42845634453983705,-0.3016648292750637,0.23552729344018736
2024-09-03,0.11838631239376803,-0.06674332964598567,0.48761028984508664
2024-09-04,0.30231847778280857,-0.2516299747073292,0.05201164398576742
2024-09-05,0.04639431294785295,-0.24668395449985364,0.39322524291222344
2024-09-06,0.6470653506201661,0.6048596085660916,-0.19820673734499886
2024-09-09,0.8104143402183386,0.8560284868354087,-0.31899518363183377
2024-09-10,0.7020190426207285,1.0583776235263196,0.3339014234449886
2024-09-11,0.3176109367177071,0.8382479995836553,-0.49954890553344206
2024-09-12,0.3392177516325045,0.9633841820236674,0.07761906491671695
2024-09-13,0.1084217604058539,-1.1977797705364939,-0.017173647299342867
2024-09-16,-0.06413423000641376,0.6237968025226397,1.0407259956912611
2024-09-17,1.7585244963495292,1.0268724830210827,0.9588916221869537
2024-09-18,0.22824788873688337,0.4405354827538203,0.91749560544266
2024-09-19,-0.07992223554046893,0.6624169934102768,0.8790963094824236
2024-09-20,-0.3334618407777178,-0.48226886651652867,1.2193363669302106
2024-09-23,1.6147973649451637,-1.8097102340124862,-1.3464760678252257
2024-09-24,0.7131202035712203,-0.4434650512334863,-0.43523085442709036
2024-09-25,0.6793389355794097,-0.670970979781169,-0.6679924052281466
2024-09-26,0.4867182302780177,-0.5917097140139786,-0.4223508856224265
2024-09-27,0.2303365479642875,-0.7054718434540008,-0.6397892058478236
2024-09-30,0.10220935459885604,-0.7399048194918846,-0.7022163041282972
2024-10-01,0.549362797119401,-0.43654311676827895,-1.02263965253114
2024-10-02,1.0351182590555736,0.7593439271704254,-2.0631397059205923
2024-10-03,1.2129682517826017,0.6369382746642792,-1.9169253992178736
2024-10-04,1.161189930194104,0.20853841559919548,-0.8113345125484713
2024-10-07,0.678198244347898,-0.18910709784739618,0.5262619960866327
2024-10-08,0.021578833424062478,0.37556951469939853,0.09701755763588749
2024-10-09,-0.47242262796686746,0.5218137177212916,-0.08681866363702723
2024-10-10,-0.0331269256479865,-1.0295796503246237,0.04092009392012039
2024-10-11,0.21863167720491564,-1.9298112112420922,0.5047434687625021
2024-10-15,-3.6245060527707618,1.9038009179186104,-0.11760976924862515
2024-10-16,-6.386302629323586,0.39041160069138237,-0.2979447838975209
2024-10-17,-0.12642189781707225,0.854949746693002,-1.2342250461360775
2024-10-18,3.8089570225936744,0.9902253990500192,-1.5085322007455226
2024-10-21,0.4835119843748144,-0.189847420744005,0.09494879499483597
2024-10-22,0.2564579668900724,-0.5313510690245479,0.1359662587167617
2024-10-23,0.03699210494000329,-0.49080754487835176,0.20228513636073536
2024-10-24,0.2557011596344015,-0.3672537841700301,-0.46420793930820076
2024-10-25,-0.47128316892444944,-1.2527767791019206,-0.07165413674032937
2024-10-28,0.5149346421697859,-0.21476398065763178,-0.5562994384672596
2024-10-29,2.26356215512198,-0.02120637631536093,2.135793316891928
2024-10-30,2.011149895973793,0.4559139591773018,1.2915355584246622
2024-10-31,-0.725828904920331,16.025668912997983,8.007706586492949
2024-11-01,0.7688964266489292,-0.9283500505606169,0.22711932770085297
2024-11-04,0.8653195045310162,-0.10751923023951247,0.5427730491810869
2024-11-05,0.4315956154242247,-0.8055858506311169,0.9885825793357759
2024-11-06,0.848818964046568,-0.522673943382584,0.9701018737181037
2024-11-07,0.8821014681535759,-0.14567282344421204,0.583044781635254
2024-11-08,0.8435567504943177,-0.18873662504447977,0.6707862649049038
2024-11-12,0.1426812421320176,2.377229488788162,-1.6599037305288458
2024-11-13,-1.2588766319085865,2.263173164878421,-2.8323938982365013
2024-11-14,13.139657306264384,3.435327367861405,-5.6379056597835016
2024-11-15,-1.008376126025803,2.2964291722363344,5.754813678858382
2024-11-18,-1.031365924672516,1.2893061270712671,4.47665707068577
2024-11-19,-0.8293523544540046,-0.23240910471012555,2.9078493383174027
2024-11-20,-0.8607126481494273,0.24055042102744734,4.249459407205189
2024-11-21,2.6993494077587745,1.5567251922828784,-1.1657772616220916
2024-11-22,3.044539696489086,0.962671161395934,-0.14599147298952556
2024-11-25,8.441088129650963,0.37281116803426484,2.444143542547518
2024-11-26,0.0510430101774358,1.336692115932002,1.1327005569631248
2024-11-27,-4.122393832310179,0.11853087256745737,0.7162421313490244
2024-11-29,-0.27712824883398524,-1.8402867778797491,2.901984330253861
2024-12-02,0.4584708120284903,-0.9862845052554965,-0.12401482924398878
2024-12-03,0.5851880474625639,-0.9616468985804763,-0.48621073707274304
2024-12-04,0.6181696404113354,-0.9672441508855925,0.3526695652549063
2024-12-05,0.10584607869883034,-0.6445163957402033,1.192076427380418
2024-12-06,1.7612634445426085,0.8420753860455282,-0.31945338716220795
2024-12-09,1.7385254771428305,0.8612967169039017,-0.3605033334658933
2024-12-10,2.4300082474709255,0.3152309352707097,0.12877691889192822
2024-12-11,1.4107703072196522,0.9738338293462666,-0.8414304759490373
2024-12-12,1.2736628827309833,1.377663145668366,-1.139617288799842
2024-12-13,1.5117088131750636,0.43230884158220695,-0.18306082479329758
2024-12-16,1.8813686158534704,-0.4129709479517898,0.4722401437732062
2024-12-17,2.216819066691156,2.276029923085081,-1.3017708516941235
2024-12-18,2.080226730567655,1.4061017218728562,-1.4795052731939615
2024-12-19,3.214667243991397,2.515016803154521,1.449693917071755
2024-12-20,0.8246941491011942,-0.34676033720999666,0.6108378500246723
2024-12-23,0.04651987058325969,-1.4604910841059364,-0.009336303128403193
2024-12-24,-1.4365974520391278,0.5106782433847115,2.804233968832694
2024-12-26,-1.6639274435580427,0.6377360511534502,2.8960657143994895
2024-12-27,-2.8487677928104134,7.817006636103581,0.4853402480490058
2024-12-30,0.9296278660077618,2.038819101191709,0.027631580835267802
2024-12-31,1.1056453374380124,1.7073812041445828,-0.16364638639700332
2025-01-02,0.6783501898717014,0.947418822680605,0.2058441054768159
2025-01-03,1.1308759537451134,1.2106443622181557,0.13228796051432495
2025-01-06,2.1962735575155943,0.7459728543795465,1.690811950854567
2025-01-07,2.196273557515594,0.745972854379547,0.3435002827347032
2025-01-08,0.5293750687657466,-0.6380382063595549,-0.8819140138186418
2025-01-09,1.4683306379590397,-0.8743211368785067,-0.35617474670567084
2025-01-10,1.379836232269688,-1.0477002973028893,0.9083743819628294
2025-01-13,-0.04223925920662596,-2.277676417072292,2.5869280526761287
2025-01-14,0.8573090767618335,-1.155891312269235,2.1733902373881855
2025-01-15,1.9692691338502368,-1.41135142126943,3.195503522382869
2025-01-16,1.5408021873050306,-1.2068903708006604,1.6620356929119724
2025-01-17,-0.4572845140369808,0.8661373979394407,-5.609569350046231
2025-01-21,-0.2676775374002855,1.3189584889859902,-4.905267437208825
2025-01-22,0.5515394718793976,0.8971869934472408,-3.375044981897639
2025-01-23,0.8357988730414365,0.4514156080580927,-1.7834203789556193
2025-01-24,-0.7965994474895626,-0.3179412248844541,-0.25495306685165336
2025-01-27,1.6400291590061864,-1.7065941038323116,-2.4096634185065025
2025-01-28,0.9637213125163178,-0.9310031198143487,-0.5918061596228091
2025-01-29,1.1494580429934353,-0.6656551676576741,-1.8099007721779206
2025-01-30,1.0291005904126311,-0.4056310260750575,-1.0722798736035881
2025-01-31,-0.12179157414321241,0.5931453685347795,-1.5445131102087477
2025-02-03,-0.4419409705390734,0.5043705487131404,-1.5408099359174865
2025-02-04,-0.54040857092736,0.9075292887764054,-2.0565684083041984
2025-02-05,-0.5193350743776701,1.2391695484267307,-2.289991221203743
2025-02-06,-1.352255458357425,0.8735031639037301,-2.1016046008210023
2025-02-07,0.49025365336989374,0.7674710056793168,1.0728676736574918
2025-02-10,-0.11352707968373417,-0.15935546037134873,1.1066942191040414
2025-02-11,0.445392354135271,0.4461756081194177,-0.5285163278212012
2025-02-12,0.3465637796688391,0.32847212404411796,-0.0054386371633781475
2025-02-13,0.33347800033533037,0.33805359050520584,-0.018072198605083137
2025-02-14,-0.6966953393887753,-0.1647422772869659,-0.8984447349820607
2025-02-18,-0.9000088932687451,-0.25337375798750233,-0.9561467928517052
2025-02-19,-0.9141503873090738,-0.24231515533510295,-0.3473696503983604
2025-02-20,-0.9088940459628153,-0.4555823837276726,-0.05935590728288787
2025-02-21,0.3375320721046252,-0.7301079545219997,0.1198695594139397
2025-02-24,2.6791065844838737,-1.2390403794358713,-4.326695093758033
2025-02-25,1.03514800238375,-0.6616901363196863,0.53255886084342
2025-02-26,0.6209258476083058,0.24101932755643696,1.7338179772938267
2025-02-27,0.8108090813335765,0.3118396610644376,1.7230922104417876
2025-02-28,-0.45923046550483915,-0.8832439560245537,2.309524409492876
2025-03-03,-0.570830309570952,-1.0237468545716417,3.108514167051365
2025-03-04,-0.40631671867122493,-0.45270358009306816,1.0377146468776297
2025-03-05,0.6894222564198205,0.14038675492515873,-3.5656922478948165
2025-03-06,0.7173546536239788,-0.30629262155551085,-2.0846479248748553
2025-03-07,13.693331430448259,-7.738606062658486,38.18387230201758
2025-03-10,1.2433270993760115,-0.5406157210121397,2.5612107348532676
2025-03-11,0.13174338838245497,-0.0857655915735307,5.028492674525252
2025-03-12,0.7546508807718522,-0.9500482282719187,3.301893295012764
2025-03-13,1.4894782283462353,-2.3285169671071677,-1.3495317552956945
2025-03-14,1.0897486591128238,-2.245054611409529,-0.8886473369436769
2025-03-17,0.6707685128996398,-0.17653534440614027,0.3406450379334238
2025-03-18,0.7749306412196437,0.011377945210144541,0.28971155951572336
2025-03-19,0.8353545244096956,0.13905027867957653,2.3896205017749605
2025-03-20,1.6329734112950183,-0.829263901541299,2.988479393344621
2025-03-21,1.7696029217875557,-1.1365378477833703,3.3074399776647545
2025-03-24,0.6084266848123441,-0.18180244661214318,0.26108751834332106
2025-03-25,0.30973440258345286,-1.4485036128516695,1.4350942251769536
2025-03-26,0.38966494504638044,-0.22158743998341485,0.6116562908698158
2025-03-27,0.4139038638993465,-0.047424327188474835,0.44434833390405154
2025-03-28,0.5535495933228325,0.022240460963216857,0.6635032375185941
2025-03-31,0.7510508741992384,-0.21477306548008146,0.6792061124681764
2025-04-01,1.112572930712492,-1.080901718337801,-0.4912090838648351
2025-04-02,0.9855837853142012,1.382597199666802,0.21381769609509935
